zaman,Tuketim Miktari(MWh),Toplam,Gunes,Ruzgar,Dogal Gaz,Linyit,Jeotermal,Barajli,Akarsu,Biyokutle,Temiz_Enerji,Fosil_Enerji,Yesil_Oran,Karbon_gCO2_kWh
2025-11-01 00:00:00,34576.55,34560.45,1.12,290.46,12475.93,4222.37,1317.86,3406.95,1229.83,971.94,291.58,16698.3,0.8436811441980645,265.73916138244726
2025-11-01 01:00:00,32837.73,32822.7,1.13,301.43,11824.57,4184.72,1326.43,2473.0,1082.51,976.53,302.56,16009.29,0.9218010706005296,268.262802877277
2025-11-01 02:00:00,31664.11,31646.58,1.12,365.98,11457.96,4176.44,1336.05,1724.61,1041.56,982.95,367.1,15634.399999999998,1.1599989635530918,271.71719661334646
2025-11-01 03:00:00,30689.23,30671.22,1.12,402.34,10905.21,4107.44,1338.34,1371.83,937.19,983.24,403.46,15012.649999999998,1.3154351212635167,269.20864249938535
2025-11-01 04:00:00,30329.71,30311.15,1.12,449.92,10610.9,4053.49,1339.95,1418.28,838.24,996.58,451.04,14664.39,1.4880332814822268,266.0873803864254
2025-11-01 05:00:00,30610.35,30574.47,1.34,542.44,10563.12,4035.7,1341.21,1664.26,835.74,993.2,543.7800000000001,14598.82,1.7785426861037987,262.6161957999599
2025-11-01 06:00:00,31117.65,30980.14,14.49,624.93,10683.68,4062.97,1340.62,1876.35,895.4,994.6,639.42,14746.65,2.063967432038719,261.80183498202393
2025-11-01 07:00:00,31694.54,30621.98,312.02,630.79,9946.56,4082.3,1337.91,1802.82,994.35,979.09,942.81,14028.86,3.0788668792808305,251.9717209664431
2025-11-01 08:00:00,34753.53,30590.28,1170.97,617.26,9226.45,4119.64,1328.42,1347.69,1164.4,986.74,1788.23,13346.09,5.845745772840262,239.9569242256037
2025-11-01 09:00:00,37008.1,29059.25,1995.34,574.69,7337.09,4120.59,1309.09,1106.61,1006.69,979.43,2570.0299999999997,11457.68,8.84410299646412,216.8577647392827
2025-11-01 10:00:00,38149.35,27317.44,2272.7,468.91,5371.4,4168.56,1277.67,1160.27,913.86,988.28,2741.6099999999997,9539.96,10.03611612215493,192.07429393091004
2025-11-01 11:00:00,38718.38,26346.36,2686.17,386.79,4197.92,4182.65,1249.03,1012.4,790.96,980.59,3072.96,8380.57,11.663698514709433,174.95067629835773
2025-11-01 12:00:00,37635.16,24919.25,2846.93,414.02,3970.75,4129.46,1226.13,901.22,649.71,979.36,3260.95,8100.21,13.086067999638834,178.78208613822648
2025-11-01 13:00:00,37926.65,25698.83,2834.31,477.01,4102.91,4217.56,1203.87,996.78,678.92,989.65,3311.3199999999997,8320.470000000001,12.885100216624645,178.07263988282736
2025-11-01 14:00:00,38125.26,27966.99,2641.4,651.47,4968.92,4269.96,1186.52,1578.9,769.2,964.42,3292.87,9238.880000000001,11.774130859273736,181.69220212829484
2025-11-01 15:00:00,37936.56,30863.51,2162.29,757.13,7087.39,4280.67,1173.06,2279.37,940.87,976.41,2919.42,11368.060000000001,9.459131511613554,202.58334194652525
2025-11-01 16:00:00,38080.05,34853.11,999.12,952.2,10490.03,4294.23,1179.58,4189.12,1190.16,970.97,1951.3200000000002,14784.26,5.598696931206426,233.30322602487985
2025-11-01 17:00:00,39535.71,38990.53,104.58,1294.83,11449.68,4300.46,1202.28,7777.48,1421.15,972.9,1399.4099999999999,15750.14,3.5891022768862078,222.17130672499192
2025-11-01 18:00:00,41402.59,41344.83,2.88,1729.9,11511.05,4293.12,1224.14,9706.01,1521.09,974.28,1732.7800000000002,15804.169999999998,4.191043958821454,210.23894644142928
2025-11-01 19:00:00,40581.77,40545.85,1.25,1757.44,11081.75,4331.38,1247.14,9018.58,1597.09,992.43,1758.69,15413.130000000001,4.337533927639944,209.07741482790473
2025-11-01 20:00:00,39508.78,39480.95,1.25,1801.67,11238.39,4337.33,1249.13,7717.88,1586.02,1003.81,1802.92,15575.72,4.566556782448244,216.98175955745748
2025-11-01 21:00:00,38174.9,38142.71,1.23,1736.98,11253.85,4335.29,1276.25,6511.11,1514.18,1008.22,1738.21,15589.14,4.557122448824429,224.78809187915596
2025-11-01 22:00:00,36641.1,36605.62,1.23,1694.83,11043.32,4216.59,1289.93,5417.02,1355.26,1019.66,1696.06,15259.91,4.633332258817088,229.28038099067848
2025-11-01 23:00:00,34848.2,34813.25,1.27,1672.51,10182.68,4227.69,1296.85,4655.89,1183.13,989.39,1673.78,14410.369999999999,4.807882056400939,227.66341838236877
2025-11-02,32734.39,32702.58,1.26,1963.23,8925.25,4345.29,1309.74,3546.07,1005.91,1013.67,1964.49,13270.54,6.0071407210073335,223.18719195855496
2025-11-02 01:00:00,31287.47,31260.6,1.19,2005.64,8553.85,4328.17,1314.44,2546.42,880.77,997.65,2006.8300000000002,12882.02,6.419678445071432,226.64667344836633
2025-11-02 02:00:00,29956.09,29927.78,1.19,1917.48,8049.11,4325.45,1317.58,1794.24,937.69,1009.79,1918.67,12374.56,6.411000080861327,227.41439558831294
2025-11-02 03:00:00,29156.65,29128.15,1.13,1922.57,7697.07,4368.43,1320.86,1463.3,831.78,1011.05,1923.7,12065.5,6.604264259831126,227.82171198651477
2025-11-02 04:00:00,28814.42,28781.55,1.07,1956.08,7622.96,4206.96,1321.92,1406.13,738.37,1009.31,1957.1499999999999,11829.92,6.800015982460986,226.06343299787537
2025-11-02 05:00:00,28843.76,28794.16,1.7,1957.84,7702.31,4159.52,1324.13,1374.77,795.29,1003.18,1959.54,11861.830000000002,6.805338304711789,226.57394763382578
2025-11-02 06:00:00,29103.9,28952.7,17.87,1964.88,7392.49,4197.66,1330.7,1459.28,1112.12,1016.59,1982.75,11590.15,6.848238678948768,220.17229826579214
2025-11-02 07:00:00,28448.51,27246.56,315.57,1977.52,5673.27,4268.13,1333.91,1276.25,1052.26,1004.04,2293.09,9941.400000000001,8.416071606837708,200.67744331761514
2025-11-02 08:00:00,29058.66,24635.11,1531.62,1885.08,3337.99,4149.09,1326.52,1588.2,813.93,1017.39,3416.7,7487.08,13.869229729438997,167.15549473901274
2025-11-02 09:00:00,30347.2,22070.22,2381.25,1709.96,2729.15,3887.32,1305.98,1735.56,692.4,1001.0,4091.21,6616.47,18.537241586173586,164.88546557306634
2025-11-02 10:00:00,31956.17,20890.53,2581.43,1425.29,2501.12,3720.58,1277.8,1900.59,565.56,999.7,4006.72,6221.7,19.17959956018349,163.80316822981516
2025-11-02 11:00:00,32867.98,20387.45,2494.39,1345.16,2594.09,3705.03,1251.86,1572.22,465.77,994.1,3839.55,6299.120000000001,18.832909461457906,169.93375826795406
2025-11-02 12:00:00,32641.47,19712.06,2443.23,1348.75,2481.44,3700.15,1227.65,1162.1,426.78,1007.88,3791.98,6181.59,19.23685297224136,172.47687456308472
2025-11-02 13:00:00,33342.14,21114.48,2499.85,1198.32,2524.27,3591.64,1212.2,1340.02,594.69,1011.69,3698.17,6115.91,17.514852366717058,159.31012745755518
2025-11-02 14:00:00,33205.89,23011.42,2461.45,1125.32,2944.96,3573.36,1195.55,2202.41,744.2,1011.26,3586.7699999999995,6518.32,15.586912932795977,155.79551370580347
2025-11-02 15:00:00,33593.29,26577.72,1869.77,1198.39,4340.07,3758.43,1183.75,2838.36,839.74,1022.65,3068.16,8098.5,11.544105363439753,167.59056081560044
2025-11-02 16:00:00,34069.31,30818.98,918.74,1278.68,7940.82,3946.14,1187.44,3357.8,940.78,1022.7,2197.42,11886.96,7.13008671928792,212.1364172337955
2025-11-02 17:00:00,35842.92,35277.38,98.97,1454.09,10467.89,3982.85,1211.82,5491.24,1157.72,1032.67,1553.06,14450.74,4.402424443085059,225.29754193763824
2025-11-02 18:00:00,38025.01,37963.41,1.36,1638.09,10891.97,4095.33,1231.26,7347.45,1220.88,1037.25,1639.4499999999998,14987.3,4.318500366537147,217.1305212044966
2025-11-02 19:00:00,37827.09,37785.31,1.03,1628.06,10962.9,4176.78,1247.5,6979.69,1228.14,1031.4,1629.09,15139.68,4.311437434283323,220.37199112565176
2025-11-02 20:00:00,36809.5,36773.51,1.07,1628.04,10875.28,4245.43,1259.95,6060.27,1176.73,1029.3,1629.11,15120.710000000001,4.430118310707898,226.15166460857287
2025-11-02 21:00:00,36087.03,36058.74,1.07,1545.69,10825.15,4252.73,1274.25,5554.54,1140.92,1012.17,1546.76,15077.88,4.289556429315057,229.98124726487947
2025-11-02 22:00:00,34856.0,34833.52,1.07,1458.18,9965.03,4268.21,1284.7,5414.08,1010.27,999.21,1459.25,14233.240000000002,4.189212000395022,224.73416410400102
2025-11-02 23:00:00,33245.53,33234.49,1.08,1357.18,9285.47,4298.91,1298.77,4610.34,961.9,987.47,1358.26,13584.38,4.086898881252578,224.8088958187714
2025-11-03,31713.5,31694.74,1.07,1411.89,8846.25,4420.61,1294.85,3304.58,846.17,1002.6,1412.96,13266.86,4.458026789303209,230.22031415938417
2025-11-03 01:00:00,30068.71,30046.22,1.07,1375.82,8394.36,4483.85,1296.02,2186.1,696.52,1001.52,1376.8899999999999,12878.210000000001,4.582573115686432,235.7373240294453
2025-11-03 02:00:00,29140.16,29111.03,1.07,1217.3,8101.16,4464.82,1299.07,1598.11,645.01,1016.48,1218.37,12565.98,4.18525211921392,237.41135232934045
2025-11-03 03:00:00,28628.54,28599.78,1.07,1156.73,7928.51,4508.97,1306.45,1350.56,544.18,1014.23,1157.8,12437.48,4.0482828888893545,239.18414757036592
2025-11-03 04:00:00,28442.04,28408.81,1.07,1105.82,7869.14,4516.03,1313.08,1224.53,580.2,1002.22,1106.8899999999999,12385.17,3.8962913265286363,239.779262137344
2025-11-03 05:00:00,28877.79,28841.72,1.5,1143.88,8292.1,4530.86,1316.36,1158.1,613.32,1000.45,1145.38,12822.96,3.9712610759691174,244.52868968979655
2025-11-03 06:00:00,30202.98,30075.8,16.31,1153.5,9366.19,4384.58,1316.19,1329.56,741.16,990.27,1169.81,13750.77,3.8895390978793585,251.4620891214864
2025-11-03 07:00:00,32768.05,31783.59,293.85,1210.86,9450.24,4380.98,1315.57,2516.37,856.73,998.76,1504.71,13831.22,4.734235496997035,239.34272371371517
2025-11-03 08:00:00,38265.25,34413.03,1501.76,1218.49,9231.42,4394.54,1292.63,4002.67,1040.27,1005.31,2720.25,13625.96,7.9047093499177485,217.77443020855762
2025-11-03 09:00:00,40529.61,33139.25,2474.11,1151.78,8732.41,4392.74,1274.45,2442.75,900.69,1006.46,3625.8900000000003,13125.15,10.941376162707364,217.8333094442391
2025-11-03 10:00:00,41043.2,31176.59,2696.94,1016.54,7974.77,4380.82,1215.39,1227.24,817.26,995.94,3713.48,12355.59,11.911116642326823,217.97042267932446
2025-11-03 11:00:00,41293.12,30066.76,2732.32,1071.16,7546.95,4314.13,1179.39,853.64,620.89,994.87,3803.4800000000005,11861.08,12.650115941990425,216.97030208775405
2025-11-03 12:00:00,39565.46,27982.53,2599.79,1037.7,6870.74,4247.39,1154.73,919.12,524.91,999.55,3637.49,11118.130000000001,12.999146253037164,218.52818526416306
2025-11-03 13:00:00,40075.41,29602.53,2561.97,980.78,7468.5,4315.63,1127.14,996.19,592.43,1006.3,3542.75,11784.130000000001,11.967727082786507,218.94316127709357
2025-11-03 14:00:00,41076.64,32765.07,1923.72,878.57,10005.37,4358.34,1116.58,1999.03,794.79,1000.6,2802.29,14363.710000000001,8.552675150701647,241.11166251132687
2025-11-03 15:00:00,41469.5,36019.81,1502.38,757.79,12727.91,4382.17,1101.42,2898.06,999.21,981.41,2260.17,17110.08,6.274797118585579,261.2602342988484
2025-11-03 16:00:00,42186.76,39871.56,570.08,644.1,13999.8,4365.09,1097.35,6230.06,1267.47,991.46,1214.18,18364.89,3.0452282278395932,253.3306823209325
2025-11-03 17:00:00,43748.39,43272.68,65.82,672.23,13674.96,4387.61,1132.06,10299.06,1425.35,1012.68,738.05,18062.57,1.705579594330649,229.577033361465
2025-11-03 18:00:00,43904.75,43858.48,1.05,781.62,14067.22,4299.0,1167.06,10458.45,1453.99,1005.8,782.67,18366.22,1.784535168569453,230.3185381709535
2025-11-03 19:00:00,42742.53,42718.92,0.93,873.91,14366.74,4308.19,1175.38,8897.56,1440.17,1008.88,874.8399999999999,18674.93,2.0478982146552394,240.437059270225
2025-11-03 20:00:00,41627.19,41611.63,0.92,985.46,14432.5,4299.16,1219.09,7697.77,1292.07,1011.85,986.38,18731.66,2.370443070843416,247.58494199818657
2025-11-03 21:00:00,40328.23,40315.88,0.95,1073.16,14274.14,4291.34,1244.98,6515.57,1248.07,1009.12,1074.1100000000001,18565.48,2.6642355320037665,253.27523546552874
2025-11-03 22:00:00,38762.1,38740.83,0.96,1095.39,13955.3,4208.18,1259.12,5499.07,1037.96,994.78,1096.3500000000001,18163.48,2.829960018925769,257.86525482288323
2025-11-03 23:00:00,36768.94,36747.79,0.97,1165.52,13006.52,4196.12,1282.71,4572.3,835.78,987.67,1166.49,17202.64,3.1743133396593377,257.4699594179677
2025-11-04,34570.56,34551.67,0.96,1205.4,12165.65,4081.51,1292.23,3184.35,892.29,993.01,1206.3600000000001,16247.16,3.491466548505471,258.62535732715673
2025-11-04 01:00:00,32906.27,32885.97,0.95,1165.6,11813.68,4053.96,1298.13,2008.04,798.88,987.95,1166.55,15867.64,3.5472573866606334,265.37766713282286
2025-11-04 02:00:00,31904.33,31886.09,0.95,962.18,11615.67,4084.95,1302.71,1434.04,731.44,983.92,963.13,15700.619999999999,3.0205334050051293,270.8184352487244
2025-11-04 03:00:00,31226.39,31210.27,0.95,827.97,11224.36,4094.12,1280.59,1379.15,632.86,988.65,828.9200000000001,15318.48,2.6559206312537507,269.94844966096093
2025-11-04 04:00:00,31061.03,31043.0,0.95,694.07,11303.06,4193.95,1314.77,1172.8,565.27,991.72,695.0200000000001,15497.009999999998,2.238894436749026,274.5661018587121
2025-11-04 05:00:00,31287.83,31251.14,1.32,560.36,11521.56,4196.55,1317.63,1310.49,562.09,994.31,561.6800000000001,15718.11,1.7973104341153636,276.62864458704547
2025-11-04 06:00:00,32615.72,32505.77,11.8,441.59,11803.46,4189.23,1319.75,2222.59,722.97,991.54,453.39,15992.689999999999,1.3947985234621423,270.5974816163407
2025-11-04 07:00:00,34660.97,34057.11,164.91,346.94,11680.37,4192.67,1318.32,3781.58,824.55,993.65,511.85,15873.04,1.502916718417975,256.33919026012484
2025-11-04 08:00:00,39756.55,37095.32,1160.08,186.23,11584.8,4174.14,1310.61,6006.67,940.35,994.11,1346.31,15758.939999999999,3.6293257478301846,233.65257396350805
2025-11-04 09:00:00,41577.62,35891.48,2089.1,211.74,11088.05,4109.66,1285.73,4563.0,822.13,982.31,2300.84,15197.71,6.410546458379537,232.889267870815
2025-11-04 10:00:00,41183.93,33036.52,2522.26,260.51,10753.86,4189.57,1257.85,1634.3,725.74,982.42,2782.7700000000004,14943.43,8.423314562187546,248.78184808811585
2025-11-04 11:00:00,41727.85,31749.12,2597.54,303.0,10206.97,4174.56,1224.19,877.04,633.79,975.13,2900.54,14381.529999999999,9.135812268182551,249.13577132216577
2025-11-04 12:00:00,40118.71,29258.84,2656.91,294.82,8005.3,4210.69,1190.86,570.01,541.8,983.34,2951.73,12215.99,10.088335696152,229.63297588011008
2025-11-04 13:00:00,40629.02,30259.97,2564.64,412.85,8754.01,4250.29,1173.02,792.72,568.78,983.68,2977.49,13004.3,9.839699114044064,236.3639157606567
2025-11-04 14:00:00,41404.83,32791.27,2356.42,634.07,10299.71,4306.94,1160.31,1689.87,679.71,967.94,2990.4900000000002,14606.649999999998,9.119774866908175,244.99378950556047
2025-11-04 15:00:00,41529.2,35449.25,2007.12,984.63,12158.69,4349.52,1131.85,2454.55,754.26,983.22,2991.75,16508.21,8.439529750276805,256.1271536069169
2025-11-04 16:00:00,42675.03,39862.1,895.93,1550.71,13180.86,4372.19,1138.86,6075.16,1046.26,989.34,2446.64,17553.05,6.137759927349538,242.18938540618782
2025-11-04 17:00:00,44061.67,43543.3,75.06,2172.87,13655.68,4364.0,1157.31,9375.19,1172.37,989.07,2247.93,18019.68,5.162516391729611,227.60847248600817
2025-11-04 18:00:00,44127.05,44039.64,4.11,2809.74,13464.72,4332.78,1189.87,9278.45,1337.35,995.52,2813.85,17797.5,6.389357406191332,222.2685062820677
2025-11-04 19:00:00,43002.07,42933.52,1.05,3272.44,13743.35,4344.53,1214.04,7428.92,1266.98,994.21,3273.4900000000002,18087.88,7.62455535907608,231.71484658141242
2025-11-04 20:00:00,41714.84,41659.99,1.08,3373.31,13764.23,4368.11,1231.05,6189.91,1093.56,1002.38,3374.39,18132.34,8.099833917386922,239.38524709199405
2025-11-04 21:00:00,40578.37,40524.79,1.11,3339.55,13543.79,4217.86,1250.41,5389.77,1097.28,1002.17,3340.6600000000003,17761.65,8.243497375310275,241.0600400396893
2025-11-04 22:00:00,38948.56,38891.45,1.11,3326.28,12355.84,3923.63,1266.16,5362.54,915.28,1006.48,3327.3900000000003,16279.470000000001,8.55558226808206,230.22305673869195
2025-11-04 23:00:00,36837.63,36782.43,1.07,3302.83,11091.46,3962.5,1277.76,4561.05,817.26,984.0,3303.9,15053.96,8.98227767985965,225.0987224063228
2025-11-05,34723.69,34668.34,1.06,3472.8,9943.85,3954.19,1282.89,3385.18,809.22,991.48,3473.86,13898.04,10.020266329452177,220.48710725693823
2025-11-05 01:00:00,33045.23,32995.75,1.07,3495.63,9403.33,3989.76,1290.13,2223.44,732.86,988.27,3496.7000000000003,13393.09,10.597425426001834,223.2469181637029
2025-11-05 02:00:00,32115.97,32065.56,1.06,3510.86,8683.01,3941.8,1299.76,1855.9,757.57,987.51,3511.92,12624.810000000001,10.952311451912895,216.54527474336953
2025-11-05 03:00:00,31564.05,31513.91,1.06,3651.13,8450.21,3936.84,1306.11,1533.52,642.33,987.01,3652.19,12387.05,11.589136352804207,216.18636024536465
2025-11-05 04:00:00,31266.22,31211.73,1.04,3974.2,8357.61,3869.25,1308.4,1039.33,628.76,993.5,3975.24,12226.86,12.73636546260012,215.4565927617598
2025-11-05 05:00:00,31531.39,31462.6,1.44,4392.44,8296.04,3811.43,1311.08,1051.94,548.84,992.5,4393.879999999999,12107.470000000001,13.965406546184992,211.65156407925605
2025-11-05 06:00:00,32722.93,32566.61,12.62,4682.81,9068.26,3828.05,1313.51,942.23,651.04,993.87,4695.43,12896.310000000001,14.417926827508298,217.79885901541488
2025-11-05 07:00:00,34915.34,34045.78,241.62,4816.9,8975.81,3926.79,1313.14,1883.77,841.54,982.32,5058.5199999999995,12902.599999999999,14.857994147879708,208.43787394502343
2025-11-05 08:00:00,39664.81,36017.73,1368.81,4944.21,8893.02,4041.46,1308.32,2430.39,1010.76,978.22,6313.02,12934.48,17.527534355996337,197.5128360393617
2025-11-05 09:00:00,41710.8,34172.12,2374.78,4879.02,7400.06,4052.03,1287.3,1361.1,811.85,972.85,7253.800000000001,11452.09,21.227246070773486,184.32129759581784
2025-11-05 10:00:00,41662.37,31632.41,2597.74,4997.71,5655.35,4086.62,1255.04,858.08,723.63,965.04,7595.45,9741.970000000001,24.01160708273571,169.38587670051066
2025-11-05 11:00:00,42024.24,30545.52,2642.51,5037.55,5288.28,3931.03,1199.06,513.98,659.07,964.06,7680.06,9219.31,25.142999693572087,166.00210112644996
2025-11-05 12:00:00,40225.35,28271.19,2632.44,5025.57,4460.91,3954.65,1176.62,508.7,520.08,982.44,7658.01,8415.56,27.087681841478904,163.71995660600066
2025-11-05 13:00:00,40812.09,29506.7,2603.96,5142.24,4473.49,4040.55,1166.03,639.42,585.48,970.12,7746.2,8514.04,26.252342688270797,158.7002951871948
2025-11-05 14:00:00,41746.86,32294.74,2489.93,5374.46,5768.52,4163.57,1153.48,1241.53,686.76,952.04,7864.389999999999,9932.09,24.35192232543132,169.1498213021687
2025-11-05 15:00:00,41924.84,35382.29,1982.21,5622.31,8226.96,4174.22,1143.3,1724.2,793.95,964.61,7604.52,12401.18,21.492447210172095,192.77014008985853
2025-11-05 16:00:00,42900.44,40053.37,770.52,5700.37,11430.78,4181.43,1146.41,3974.69,1019.54,965.15,6470.889999999999,15612.210000000001,16.155669298238823,214.38184851861405
2025-11-05 17:00:00,44330.61,43843.93,55.21,5804.37,11739.74,4183.12,1168.64,7871.24,1291.09,952.29,5859.58,15922.86,13.364632230732965,199.74425194091862
2025-11-05 18:00:00,44060.66,43958.44,0.18,5842.92,11699.02,4155.04,1203.12,7866.22,1340.62,961.61,5843.1,15854.060000000001,13.292327935204252,198.36311297671165
2025-11-05 19:00:00,42842.27,42771.5,0.13,5711.82,12062.69,4071.98,1229.65,6456.25,1355.4,971.36,5711.95,16134.67,13.354570216148604,207.4762049495575
2025-11-05 20:00:00,41770.47,41705.59,1.24,5710.03,12178.43,4042.9,1248.06,5349.04,1300.15,966.86,5711.2699999999995,16221.33,13.69425537439945,213.92171888708444
2025-11-05 21:00:00,40527.43,40464.47,1.26,5771.49,11419.65,4057.57,1259.53,4854.37,1152.37,959.81,5772.75,15477.22,14.26621922886918,210.36902250295134
2025-11-05 22:00:00,38980.56,38918.63,1.26,5842.76,9681.1,4045.6,1275.65,5159.36,939.23,957.81,5844.02,13726.7,15.015996195138422,193.986401885164
2025-11-05 23:00:00,37248.72,37187.81,1.27,6019.35,8587.93,4062.2,1282.03,4422.87,873.19,949.38,6020.620000000001,12650.130000000001,16.189767560929244,187.09280003312915
2025-11-06,35190.79,35121.4,1.27,6149.11,7921.62,4140.34,1291.37,2922.91,801.59,915.14,6150.38,12061.96,17.511773448666624,188.88990757771612
2025-11-06 01:00:00,33480.27,33415.08,1.27,6155.56,7116.77,4231.35,1295.39,2048.61,690.96,913.78,6156.830000000001,11348.12,18.425303784997674,186.7859062435284
2025-11-06 02:00:00,32299.4,32234.62,1.26,6128.36,6929.83,4218.2,1298.07,1368.67,552.71,898.95,6129.62,11148.029999999999,19.01564218842971,190.2121538892036
2025-11-06 03:00:00,31578.45,31516.32,1.27,6213.05,6580.32,4193.65,1304.52,1131.48,543.19,903.34,6214.320000000001,10773.97,19.717784309843285,188.01952448763052
2025-11-06 04:00:00,31072.32,31011.9,1.27,6212.05,6212.9,4162.13,1310.75,959.65,577.21,909.78,6213.320000000001,10375.029999999999,20.035276780848644,184.002479693279
2025-11-06 05:00:00,31434.24,31365.91,1.31,6221.59,6420.85,4206.06,1314.44,956.78,619.02,914.09,6222.900000000001,10626.91,19.839692200863933,186.3424494937338
2025-11-06 06:00:00,32684.7,32560.59,9.02,6172.73,7401.02,4365.47,1310.79,933.69,579.0,911.98,6181.75,11766.490000000002,18.985374650766463,198.75467551417222
2025-11-06 07:00:00,34966.1,34317.39,169.22,6026.43,8703.93,4420.31,1316.61,1199.51,660.95,884.95,6195.650000000001,13124.240000000002,18.05396622528695,210.3403551377305
2025-11-06 08:00:00,39873.4,37547.93,901.98,5834.05,9644.49,4475.73,1308.47,2616.39,948.59,899.29,6736.030000000001,14120.22,17.939817188324366,206.8322008696618
2025-11-06 09:00:00,42064.19,37369.47,1590.81,5430.19,8988.05,4493.39,1291.47,2958.87,889.69,901.5,7021.0,13481.439999999999,18.78806416039617,198.41844157811175
2025-11-06 10:00:00,42554.73,35471.4,1969.23,5045.97,8887.66,4515.83,1272.42,1516.16,598.32,865.97,7015.200000000001,13403.49,19.777059828481537,207.8271367918943
2025-11-06 11:00:00,42732.79,34241.86,2084.76,4661.51,8453.15,4569.3,1250.31,1099.45,526.88,871.89,6746.27,13022.45,19.701821104344216,209.16934710906474
2025-11-06 12:00:00,40888.93,32112.52,2115.08,4596.59,6957.11,4618.09,1234.75,590.41,465.01,889.02,6711.67,11575.2,20.90047744617987,198.2516476439719
2025-11-06 13:00:00,41272.43,32908.91,2056.65,4460.48,7974.66,4622.92,1215.49,700.87,534.17,922.34,6517.129999999999,12597.58,19.80354256643565,210.5408231387791
2025-11-06 14:00:00,42576.75,35846.95,1719.15,4297.46,9391.07,4636.2,1198.65,2345.56,617.82,928.18,6016.610000000001,14027.27,16.784161553493394,215.2204999309565
2025-11-06 15:00:00,42567.5,38276.39,1102.16,4478.36,11286.14,4715.93,1192.45,3115.34,676.76,923.8,5580.5199999999995,16002.07,14.579535844420018,229.93648303823844
2025-11-06 16:00:00,43395.32,41595.52,410.83,4883.5,12695.92,4723.5,1193.39,4915.14,1039.42,923.93,5294.33,17419.42,12.728125528903114,230.32963646084963
2025-11-06 17:00:00,44626.48,44301.06,45.6,5050.0,13058.22,4679.34,1218.57,7289.58,1166.69,924.62,5095.6,17737.559999999998,11.502207847848338,220.21274434516917
2025-11-06 18:00:00,44390.3,44309.31,1.23,5505.09,12440.14,4626.33,1239.74,7494.23,1248.66,926.28,5506.32,17066.47,12.427004618216804,211.84167616241376
2025-11-06 19:00:00,43141.82,43070.23,0.95,5573.22,12658.68,4632.22,1252.5,5877.86,1298.08,925.68,5574.17,17290.9,12.942048370765608,220.80204818966607
2025-11-06 20:00:00,41974.61,41902.34,1.13,5806.58,12375.64,4515.35,1280.85,4938.2,1188.16,934.02,5807.71,16890.989999999998,13.860109005845498,221.70705741015897
2025-11-06 21:00:00,40741.23,40669.19,1.07,5442.29,12014.01,4517.64,1298.07,4494.17,1004.24,927.43,5443.36,16531.65,13.384480979335953,223.56991865340814
2025-11-06 22:00:00,39194.88,39128.49,1.05,5271.13,10306.86,4518.14,1299.7,4995.55,818.34,917.34,5272.18,14825.0,13.474018547610706,208.38396779431048
2025-11-06 23:00:00,37048.65,37003.73,0.01,4621.53,9834.89,4513.43,1292.06,4107.77,738.99,895.3,4621.54,14348.32,12.489389583158237,213.2643384869579
2025-11-07,35123.53,35061.83,1.06,4503.88,9188.87,4432.18,1309.87,2962.34,722.42,905.76,4504.9400000000005,13621.050000000001,12.848559245196272,213.6676123294192
2025-11-07 01:00:00,33294.7,33237.02,1.07,4342.1,8828.5,4374.24,1314.95,1794.14,627.96,912.73,4343.17,13202.74,13.067266559998462,218.47647592955087
2025-11-07 02:00:00,32211.34,32154.7,1.06,4014.11,8919.9,4349.32,1318.86,1070.03,647.84,913.77,4015.17,13269.22,12.487039219771916,226.967472873328
2025-11-07 03:00:00,31440.57,31384.01,1.07,3863.27,8658.03,4331.77,1330.28,861.74,475.65,912.69,3864.34,12989.800000000001,12.313085548978606,227.64426853037583
2025-11-07 04:00:00,31158.68,31097.6,1.07,3626.84,8603.49,4381.14,1331.33,861.46,437.17,906.39,3627.9100000000003,12984.630000000001,11.666205752212392,229.64944240069977
2025-11-07 05:00:00,31540.65,31476.78,1.19,3486.18,9008.85,4376.67,1334.9,907.38,470.96,915.13,3487.37,13385.52,11.079182813489817,233.88783732008167
2025-11-07 06:00:00,32756.2,32628.95,9.33,3664.31,9645.64,4372.15,1339.6,1074.0,600.98,913.25,3673.64,14017.789999999999,11.258836094940229,236.28662583380708
2025-11-07 07:00:00,34714.78,34121.78,146.83,3685.66,9496.35,4370.55,1342.08,2464.8,704.37,917.51,3832.49,13866.900000000001,11.231799747844338,223.51691500267574
2025-11-07 08:00:00,39410.18,37197.96,711.9,3698.15,9992.45,4373.92,1337.51,4246.8,851.11,928.31,4410.05,14366.37,11.855623265361864,212.41765677472637
2025-11-07 09:00:00,41388.91,36422.37,1408.33,3455.98,8842.16,4367.5,1331.34,4336.02,777.37,907.21,4864.3099999999995,13209.66,13.35528138339158,199.47392220769817
2025-11-07 10:00:00,42005.07,34313.87,2048.87,3064.2,8527.69,4373.86,1302.43,2481.05,693.1,917.39,5113.07,12901.55,14.900884103133805,206.79254482225406
2025-11-07 11:00:00,42678.05,33538.96,2090.29,2948.38,8484.3,4396.21,1276.54,1947.78,635.23,923.39,5038.67,12880.509999999998,15.023334056869981,211.22540770494967
2025-11-07 12:00:00,40260.54,30535.09,2108.25,2669.85,7228.5,4461.95,1251.92,629.43,652.62,929.35,4778.1,11690.45,15.647898859967338,210.56913537834672
2025-11-07 13:00:00,40405.88,31320.85,2002.85,2470.85,8492.75,4461.42,1232.78,858.09,572.12,916.17,4473.7,12954.17,14.283456547315925,227.4776546613518
2025-11-07 14:00:00,42073.1,34925.27,1856.04,2441.03,10076.97,4450.09,1209.76,2414.04,771.72,926.31,4297.07,14527.06,12.303612828190019,228.7708298318095
2025-11-07 15:00:00,41738.07,37393.73,1220.86,2451.22,12356.86,4412.18,1190.31,3175.33,808.48,921.92,3672.08,16769.04,9.820042023087828,246.6448787002527
2025-11-07 16:00:00,42768.81,41036.2,407.66,2362.96,13244.75,4392.79,1202.2,6578.31,1084.4,919.92,2770.62,17637.54,6.751648544455871,236.39242912355436
2025-11-07 17:00:00,44200.26,43867.37,43.11,2301.0,13837.08,4405.55,1232.1,8926.29,1301.18,935.09,2344.11,18242.63,5.343630128726659,228.72231683823307
2025-11-07 18:00:00,44011.29,43941.87,1.01,2275.76,13518.37,4415.73,1255.28,9254.43,1437.85,942.11,2276.7700000000004,17934.1,5.1813225063020765,224.47280919086964
2025-11-07 19:00:00,42693.99,42639.08,0.82,2040.55,13209.83,4435.08,1266.81,8422.34,1440.37,947.2,2041.37,17644.91,4.787556391929656,227.6010762896385
2025-11-07 20:00:00,41550.3,41516.4,0.87,1930.76,13176.88,4454.82,1277.78,7539.17,1275.12,968.09,1931.6299999999999,17631.699999999997,4.652691466504803,233.58082589049144
2025-11-07 21:00:00,40121.08,40088.62,0.88,2113.21,12983.76,4510.93,1287.39,6206.52,1112.48,959.06,2114.09,17494.690000000002,5.273541468875706,240.02022269661566
2025-11-07 22:00:00,38505.69,38467.18,0.88,2082.54,12597.51,4495.13,1300.92,5222.74,909.39,958.88,2083.42,17092.64,5.416097566808901,244.38890503540938
2025-11-07 23:00:00,36974.31,36933.12,0.88,1917.45,12058.87,4499.87,1314.93,4380.87,784.98,961.07,1918.3300000000002,16558.74,5.19406429784432,246.58915899875234
2025-11-08,34951.39,34907.4,0.88,1811.96,11355.34,4516.21,1318.84,3144.84,783.94,974.59,1812.8400000000001,15871.55,5.1932827996356075,250.07168967038504
2025-11-08 01:00:00,33231.4,33195.28,0.88,1586.83,11117.6,4464.97,1329.42,2027.39,739.22,969.26,1587.71,15582.57,4.782939020246252,258.1816902884989
2025-11-08 02:00:00,31894.05,31864.77,0.88,1498.66,10934.29,4477.0,1336.61,1357.9,550.21,972.7,1499.5400000000002,15411.29,4.705949548670837,266.0056702119614
2025-11-08 03:00:00,31145.01,31118.94,0.89,1410.77,10741.74,4455.55,1339.85,901.82,507.62,972.91,1411.66,15197.29,4.536337034616218,268.59878581982554
2025-11-08 04:00:00,30725.18,30692.76,1.19,1425.34,10419.85,4477.86,1338.65,718.87,509.07,974.59,1426.53,14897.71,4.647773611757301,266.96004204248817
2025-11-08 05:00:00,30920.82,30870.29,4.64,1516.69,10562.87,4471.37,1332.46,699.42,497.33,962.46,1521.3300000000002,15034.240000000002,4.928136405586083,267.85728284379576
2025-11-08 06:00:00,31502.71,31373.91,13.87,1613.32,10631.85,4528.57,1339.47,830.19,622.15,970.6,1627.1899999999998,15160.42,5.18644313061394,265.7695837082468
2025-11-08 07:00:00,32102.61,31525.99,152.43,1804.55,10420.08,4521.43,1350.28,882.85,653.6,957.09,1956.98,14941.51,6.207513229560753,260.6684357890109
2025-11-08 08:00:00,35208.43,32217.99,1082.98,2051.72,9707.45,4576.93,1343.49,965.37,748.33,956.64,3134.7,14284.380000000001,9.729657250498866,243.85161830393517
2025-11-08 09:00:00,37155.53,30586.58,2159.57,2137.79,7263.17,4552.51,1314.96,829.25,632.24,954.73,4297.360000000001,11815.68,14.049821849974728,212.46651309168922
2025-11-08 10:00:00,38272.34,28573.12,2515.67,2136.45,5459.84,4545.45,1276.03,916.88,541.08,941.74,4652.12,10005.29,16.281456137796642,192.59043114647616
2025-11-08 11:00:00,38925.48,27426.04,2668.95,2225.99,4388.95,4513.39,1263.6,897.57,492.91,936.97,4894.94,8902.34,17.84778261827081,178.5269400905125
2025-11-08 12:00:00,37934.51,25984.69,2645.94,2296.42,4095.99,4516.97,1240.42,509.72,451.18,932.73,4942.360000000001,8612.96,19.020276939998134,182.304580120063
2025-11-08 13:00:00,38289.24,27153.16,2580.59,2281.62,4588.03,4517.1,1222.46,618.07,495.7,939.75,4862.21,9105.130000000001,17.906608291631617,184.42868159728005
2025-11-08 14:00:00,38467.54,29257.57,2411.27,2188.44,5485.58,4529.91,1207.44,1201.95,698.88,938.81,4599.71,10015.49,15.721435512245208,188.2767263309974
2025-11-08 15:00:00,38554.56,32104.28,1899.08,2067.43,7757.09,4539.62,1182.76,2294.07,649.7,960.66,3966.5099999999998,12296.71,12.355081627745584,210.6632044076366
2025-11-08 16:00:00,38550.19,35905.78,759.81,1897.31,11279.6,4548.21,1198.71,3596.29,819.34,978.88,2657.12,15827.810000000001,7.400257005975082,242.44830498042379
2025-11-08 17:00:00,40144.48,39719.78,65.13,1664.31,12707.89,4561.44,1213.0,6602.05,1112.84,970.47,1729.44,17269.329999999998,4.354102666228262,239.12850222231845
2025-11-08 18:00:00,41592.31,41540.98,0.03,1943.7,13235.17,4539.89,1235.7,7430.73,1310.78,954.23,1943.73,17775.06,4.679066309942615,235.34069249208852
2025-11-08 19:00:00,40632.5,40600.9,0.01,2153.25,12752.78,4530.39,1254.54,6735.42,1338.09,976.41,2153.26,17283.170000000002,5.303478494319092,234.12642330588733
2025-11-08 20:00:00,39540.41,39517.42,0.01,2426.27,12841.84,4512.75,1262.03,5317.04,1253.83,978.96,2426.28,17354.59,6.1397732949165205,241.53966782244387
2025-11-08 21:00:00,38582.33,38551.6,0.01,2685.91,12693.04,4572.16,1272.85,4354.4,1072.26,983.7,2685.92,17265.2,6.967077890411812,246.3155874204962
2025-11-08 22:00:00,37071.97,37039.14,0.01,2937.6,10883.33,4541.35,1292.88,4645.67,811.83,986.21,2937.61,15424.68,7.931096672330945,229.04349291047257
2025-11-08 23:00:00,35145.55,35117.75,0.01,3298.83,9304.42,4562.22,1293.74,4129.56,744.11,968.28,3298.84,13866.64,9.393654206206262,217.1737084522784
2025-11-09,33126.34,33087.18,0.01,3656.57,7564.39,4602.39,1302.22,3329.95,787.2,971.87,3656.5800000000004,12166.78,11.051349797716217,202.24537116792666
2025-11-09 01:00:00,31568.53,31533.91,0.01,3860.76,6923.32,4614.4,1306.58,2246.04,725.33,984.67,3860.7700000000004,11537.72,12.24323276117678,201.2356222238219
2025-11-09 02:00:00,30131.84,30101.07,0.01,3984.49,6622.56,4581.36,1311.19,1334.07,594.06,979.01,3984.5,11203.92,13.237070974553397,204.7155134352367
2025-11-09 03:00:00,29385.71,29359.59,0.01,3871.68,6549.8,4582.01,1312.0,1102.36,616.39,978.29,3871.69,11131.810000000001,13.187139193701276,208.53477517908118
2025-11-09 04:00:00,28924.99,28900.35,0.01,3710.31,6427.52,4570.97,1320.25,1047.33,573.3,973.2,3710.32,10998.490000000002,12.838322027241885,209.31128861761195
2025-11-09 05:00:00,28879.21,28840.95,0.31,3571.57,6503.37,4525.62,1321.92,1017.37,654.01,979.04,3571.88,11028.99,12.384751542511603,210.3240184529289
2025-11-09 06:00:00,29118.92,28998.26,7.86,3358.75,6347.38,4423.35,1324.29,1420.35,834.04,984.02,3366.61,10770.73,11.609696581794909,204.28472260059743
2025-11-09 07:00:00,28592.0,27879.6,182.07,3111.85,5375.36,4369.94,1331.28,1489.8,717.19,966.46,3293.92,9745.3,11.814803655719595,192.25222026140978
2025-11-09 08:00:00,28852.22,25282.87,1211.13,3020.38,3345.01,4182.84,1339.99,1725.06,617.16,967.78,4231.51,7527.85,16.736667949485167,163.7597907199618
2025-11-09 09:00:00,30142.39,22650.83,2302.8,2785.9,2770.14,3969.18,1325.05,1672.91,447.74,977.82,5088.700000000001,6739.32,22.465843415009516,163.6419504274236
2025-11-09 10:00:00,31608.85,21097.36,2423.61,2553.64,2763.79,3961.06,1297.19,1266.21,266.12,965.24,4977.25,6724.85,23.59181433127178,175.31423362923135
2025-11-09 11:00:00,32378.03,20391.98,2279.72,2210.2,2757.56,3960.36,1269.58,1169.32,205.2,972.06,4489.92,6717.92,22.018067887473407,181.1916253350582
2025-11-09 12:00:00,32429.13,20123.04,2042.56,1927.49,2913.69,3928.99,1248.07,1274.11,214.87,980.43,3970.05,6842.68,19.72887794289531,187.02313368159088
2025-11-09 13:00:00,32805.47,21257.19,2469.63,2113.72,3155.01,3924.19,1227.49,1405.03,270.94,989.83,4583.35,7079.200000000001,21.561410515689047,183.1643787349128
2025-11-09 14:00:00,32670.04,22902.24,2489.19,2130.76,3788.6,3934.5,1216.82,1759.85,562.39,1007.76,4619.950000000001,7723.1,20.172480945095327,185.47115915299116
2025-11-09 15:00:00,32935.14,26240.03,2014.74,1859.22,5456.56,4114.41,1205.62,2510.78,544.29,1009.51,3873.96,9570.970000000001,14.763550194111822,200.61080341752663
2025-11-09 16:00:00,33447.7,30562.16,789.07,1421.42,8002.85,4301.21,1205.54,3291.18,621.64,1002.84,2210.4900000000002,12304.060000000001,7.23276757925487,221.42521994518714
2025-11-09 17:00:00,35628.07,35193.53,49.54,1167.25,9708.91,4427.75,1219.43,6019.8,1014.04,1005.95,1216.79,14136.66,3.4574252710654485,220.9259201904441
2025-11-09 18:00:00,37645.5,37598.88,1.19,1167.77,10380.79,4409.51,1241.96,7361.58,1225.65,1001.05,1168.96,14790.300000000001,3.1090287795806684,216.35391798904652
2025-11-09 19:00:00,37226.68,37201.92,0.01,1179.36,10385.27,4429.96,1270.91,6893.17,1232.35,999.57,1179.37,14815.23,3.1701858398706304,219.0310742026218
2025-11-09 20:00:00,36317.64,36300.47,0.01,1246.57,10154.85,4391.86,1290.69,6265.2,1114.45,986.97,1246.58,14546.71,3.434060220156929,220.40184328191893
2025-11-09 21:00:00,35338.92,35319.35,0.01,1264.51,10158.94,4373.43,1304.32,5385.7,1011.45,983.24,1264.52,14532.37,3.5802470883524187,226.30097949141194
2025-11-09 22:00:00,34262.57,34241.01,0.01,1431.23,9466.64,4351.65,1316.68,5023.48,869.41,985.17,1431.24,13818.289999999999,4.17990006720012,221.95780731935184
2025-11-09 23:00:00,32956.75,32941.92,0.01,1696.01,8814.32,4378.3,1328.08,4312.77,738.67,985.79,1696.02,13192.619999999999,5.148515933497501,220.2646658118288
2025-11-10,31508.37,31483.49,0.01,1829.29,8360.78,4367.55,1338.18,3180.81,697.19,980.59,1829.3,12728.330000000002,5.810346946923609,222.35722596192483
2025-11-10 01:00:00,30117.42,30098.07,0.01,2028.54,7984.9,4417.41,1340.79,1983.47,667.94,984.61,2028.55,12402.31,6.73980092411241,226.6348141259556
2025-11-10 02:00:00,28992.71,28971.64,0.01,2001.16,7677.31,4420.13,1343.51,1198.77,612.92,974.48,2001.17,12097.44,6.907341110133911,229.65879736183385
2025-11-10 03:00:00,28497.92,28473.93,0.01,2007.14,7660.57,4404.49,1347.58,851.69,439.46,975.16,2007.15,12065.06,7.0490796317895,233.04766851642887
2025-11-10 04:00:00,28434.26,28412.1,0.01,2171.81,7599.3,4442.11,1349.13,649.04,438.43,980.78,2171.82,12041.41,7.643996747864468,233.09700796491634
2025-11-10 05:00:00,28813.04,28779.98,0.11,2498.0,7670.52,4414.51,1350.73,609.81,440.59,954.41,2498.11,12085.03,8.680026879796303,230.9510465260921
2025-11-10 06:00:00,30028.08,29931.56,6.45,2838.34,8157.08,4429.9,1344.35,762.57,569.35,986.0,2844.79,12586.98,9.504315845883074,231.28894718484435
2025-11-10 07:00:00,32196.71,31571.07,165.62,3154.5,8452.07,4529.52,1341.59,1537.84,694.53,980.68,3320.12,12981.59,10.51633663350656,226.15243955938143
2025-11-10 08:00:00,37807.6,34870.79,1115.23,3322.58,9103.75,4636.0,1338.04,2789.11,847.57,984.11,4437.8099999999995,13739.75,12.726439521444737,216.71038998542906
2025-11-10 09:00:00,40243.6,34199.93,1956.38,3336.89,8770.75,4788.24,1332.97,1630.72,699.3,987.05,5293.27,13558.99,15.477429339767657,218.0543790586706
2025-11-10 10:00:00,41237.77,32858.96,2260.95,3067.73,7981.69,4814.99,1306.54,1254.39,504.33,986.33,5328.68,12796.68,16.216824878206737,214.19344982312285
2025-11-10 11:00:00,42039.23,32495.42,2138.07,2968.02,8141.31,4816.04,1286.03,1057.12,429.57,976.4,5106.09,12957.35,15.713260514866404,219.30913648754196
2025-11-10 12:00:00,40570.6,30778.72,2090.26,2860.57,7134.64,4817.21,1267.51,742.87,426.96,980.42,4950.83,11951.85,16.08523681296688,213.57345269718817
2025-11-10 13:00:00,41094.62,32105.52,2036.02,3061.73,8001.4,4839.98,1244.91,917.38,426.21,980.23,5097.75,12841.38,15.878110680032592,219.98581552331186
2025-11-10 14:00:00,41814.1,34509.64,1929.76,3157.19,9548.86,4941.73,1227.34,1516.55,620.5,975.69,5086.95,14490.59,14.740663768152897,230.9448751131568
2025-11-10 15:00:00,42142.69,37327.26,1224.63,3080.98,12084.66,4880.34,1217.11,2556.33,590.85,982.49,4305.610000000001,16965.0,11.534760386912943,249.97146857283388
2025-11-10 16:00:00,42822.67,40987.25,465.35,3157.59,13509.37,4965.72,1207.13,5129.02,821.34,980.42,3622.94,18475.09,8.839187796204918,247.91366827489034
2025-11-10 17:00:00,44037.73,43708.01,48.26,3258.59,13631.51,4996.21,1226.61,7776.76,1089.09,987.36,3306.8500000000004,18627.72,7.56577570106715,234.40202379380804
2025-11-10 18:00:00,43829.06,43780.79,1.69,3461.11,13655.75,5051.48,1247.75,7472.8,1238.47,984.16,3462.8,18707.23,7.909405015304658,235.01121153821114
2025-11-10 19:00:00,42571.84,42539.09,1.67,3850.21,13613.02,5078.22,1268.49,5673.78,1364.6,992.23,3851.88,18691.24,9.054918664221544,241.66436094425157
2025-11-10 20:00:00,41431.68,41403.32,1.62,3940.72,12646.41,5050.69,1292.39,5489.82,1283.47,988.22,3942.3399999999997,17697.1,9.521796802768472,235.08754853475517
2025-11-10 21:00:00,40217.5,40187.13,1.56,4177.54,11864.86,5052.12,1285.46,4987.69,1033.13,979.17,4179.1,16916.98,10.39910040851387,231.52534157079643
2025-11-10 22:00:00,38663.71,38631.63,1.56,4402.53,10018.81,5068.56,1298.5,5248.23,794.13,976.03,4404.09,15087.369999999999,11.400217904344187,214.79946613694528
2025-11-10 23:00:00,36989.5,36950.69,1.55,4626.13,8495.59,5063.52,1309.53,4856.93,776.8,971.38,4627.68,13559.11,12.523933923832004,201.82330830628604
2025-11-11,35019.37,34972.22,1.53,4871.1,7818.82,5015.06,1330.65,3342.21,724.29,965.26,4872.63,12833.880000000001,13.93285870899817,201.83545682830544
2025-11-11 01:00:00,33511.71,33461.81,1.5,5019.47,7079.47,5033.83,1334.33,2460.55,669.47,972.78,5020.97,12113.3,15.00507593582057,199.10205096496574
2025-11-11 02:00:00,32224.84,32176.91,1.51,5041.97,6469.78,4996.25,1326.37,1925.73,642.42,982.68,5043.4800000000005,11466.029999999999,15.674221048571788,195.98887836029002
2025-11-11 03:00:00,31534.11,31476.39,1.49,5402.06,6495.01,5018.74,1322.86,1216.17,561.43,979.74,5403.55,11513.75,17.166994054909093,201.18452274863793
2025-11-11 04:00:00,31067.08,31018.79,1.49,5039.19,6864.15,5042.69,1304.89,1008.81,564.74,960.33,5040.679999999999,11906.84,16.25040822030775,211.12241966885233
2025-11-11 05:00:00,31424.68,31372.5,1.57,4685.32,7123.41,4983.38,1330.1,1482.43,554.28,969.26,4686.889999999999,12106.79,14.93948521794565,212.24749382420913
2025-11-11 06:00:00,32384.97,32269.94,6.9,4652.88,7755.61,5013.27,1331.82,1739.09,583.34,968.63,4659.78,12768.880000000001,14.440002057642499,217.62928595466866
2025-11-11 07:00:00,34022.4,33524.68,98.25,4871.45,8377.78,5000.0,1333.65,1975.23,694.69,962.81,4969.7,13377.78,14.824004285797807,219.47350429593962
2025-11-11 08:00:00,38993.81,37100.25,521.31,4593.85,9175.06,5009.07,1324.11,4318.24,908.99,960.96,5115.16,14184.13,13.787400354445051,210.27544288785114
2025-11-11 09:00:00,41247.74,36923.95,1271.65,4077.08,8503.78,4964.31,1318.12,4824.6,863.1,971.46,5348.73,13468.09,14.485801221158626,200.61368028068506
2025-11-11 10:00:00,42320.06,35719.81,1867.37,4299.15,8437.26,4990.56,1307.98,3089.3,687.78,953.74,6166.5199999999995,13427.82,17.263585668568783,206.75644691279155
2025-11-11 11:00:00,43342.96,35414.63,2106.34,4233.78,9008.71,4992.17,1288.77,2360.07,528.52,968.04,6340.12,14000.88,17.90254479575249,217.43793454851848
2025-11-11 12:00:00,41631.65,33434.71,2077.96,4077.59,8800.57,5023.82,1289.13,810.0,552.92,975.07,6155.55,13824.39,18.410657666837846,227.41081050202018
2025-11-11 13:00:00,42255.03,34717.52,1951.34,4148.6,9574.87,5015.64,1289.09,1210.0,518.64,962.04,6099.9400000000005,14590.510000000002,17.570206627662348,231.144980977904
2025-11-11 14:00:00,42974.35,37103.85,1746.21,4203.92,11151.68,5021.14,1286.49,2159.52,579.87,957.47,5950.13,16172.82,16.036422096359274,239.7339090148327
2025-11-11 15:00:00,42820.49,39081.9,1344.62,4012.1,12422.76,5038.81,1279.23,3104.58,675.54,963.52,5356.719999999999,17461.57,13.706396055463014,245.73686284443693
2025-11-11 16:00:00,43467.37,41973.11,478.77,4072.24,13612.19,5074.87,1279.89,5183.82,1072.31,941.84,4551.01,18687.06,10.842679992023465,244.8682739973283
2025-11-11 17:00:00,44590.33,44326.93,47.96,4009.59,14148.48,5023.48,1290.83,7270.09,1349.02,943.73,4057.55,19171.96,9.15369054432599,237.88198280368164
2025-11-11 18:00:00,44112.86,44040.47,2.07,3696.99,14263.74,4974.52,1304.81,7113.63,1416.06,942.32,3699.06,19238.260000000002,8.399229163539808,240.2572679174405
2025-11-11 19:00:00,42834.07,42778.61,1.6,3411.74,14085.77,4987.59,1311.36,6184.21,1365.73,954.99,3413.3399999999997,19073.36,7.979081134239752,245.22414356146683
2025-11-11 20:00:00,41623.12,41572.16,1.56,3231.11,13786.46,4987.12,1322.53,5371.0,1309.06,961.83,3232.67,18773.579999999998,7.776045314941538,248.37460935395222
2025-11-11 21:00:00,40351.29,40304.34,1.51,3161.94,13186.01,5018.57,1330.41,4671.07,1127.48,962.29,3163.4500000000003,18204.58,7.848906594178197,248.42284974769473
2025-11-11 22:00:00,38912.76,38867.6,1.5,3163.79,11763.2,5051.66,1339.88,4896.76,863.48,959.57,3165.29,16814.86,8.143775278123682,237.94041824038533
2025-11-11 23:00:00,36999.35,36963.04,1.53,3143.8,10340.51,5033.86,1328.33,4504.89,800.82,969.94,3145.3300000000004,15374.369999999999,8.509392084633733,228.76645156891854
2025-11-12,35103.04,35063.93,1.52,3145.82,9992.48,5040.85,1354.29,2932.0,774.17,975.88,3147.34,15033.33,8.976004686297287,235.80732393659238
2025-11-12 01:00:00,33568.97,33531.45,1.49,2948.99,9864.55,5019.13,1358.55,1859.52,728.59,963.56,2950.4799999999996,14883.68,8.799142297753303,244.12973492050006
2025-11-12 02:00:00,32339.88,32298.5,1.48,2966.19,9436.38,5037.83,1363.07,1269.81,651.37,976.12,2967.67,14474.21,9.188259516695823,246.47632242983417
2025-11-12 03:00:00,31666.11,31632.45,1.46,2900.85,9506.66,4992.46,1363.32,751.39,585.11,971.79,2902.31,14499.119999999999,9.175103414373531,252.09922089499864
2025-11-12 04:00:00,31324.8,31297.74,1.48,2682.13,9565.46,5044.84,1363.81,531.12,577.77,970.2,2683.61,14610.3,8.574452979672015,256.7490496118889
2025-11-12 05:00:00,31717.55,31670.48,1.63,2425.21,9934.47,5033.4,1364.58,652.16,579.25,965.41,2426.84,14967.869999999999,7.662782502822818,259.93696653792426
2025-11-12 06:00:00,32513.5,32408.59,7.89,2413.0,10276.43,4939.49,1370.03,1198.65,697.84,964.63,2420.89,15215.92,7.469902269737745,258.22647637555355
2025-11-12 07:00:00,34320.57,33873.46,100.46,2251.33,10275.46,4999.52,1365.98,2626.66,812.37,959.74,2351.79,15274.98,6.942869137076638,248.01833057502836
2025-11-12 08:00:00,39155.97,37087.29,760.07,2136.69,10328.59,5073.3,1363.83,4949.39,1019.91,962.07,2896.76,15401.89,7.810654269966881,228.4081554624239
2025-11-12 09:00:00,41558.44,36517.18,1446.21,2095.36,10179.23,5077.37,1351.19,4015.03,941.15,964.11,3541.57,15256.599999999999,9.698366631815492,229.78581588173017
2025-11-12 10:00:00,42257.08,34641.67,2088.98,1875.05,10030.5,5024.81,1325.16,2246.1,713.84,965.01,3964.0299999999997,15055.310000000001,11.442952952325912,239.0306385344587
2025-11-12 11:00:00,42783.24,33577.23,2193.6,1910.66,9755.07,4942.82,1301.97,1360.19,637.65,965.03,4104.26,14697.89,12.223343021446379,240.75361487531873
2025-11-12 12:00:00,41023.08,31619.97,2218.67,1865.78,8423.2,4910.2,1274.49,813.93,551.96,975.39,4084.45,13333.400000000001,12.917311433249305,231.92210492293322
2025-11-12 13:00:00,42088.02,33367.91,2062.93,1736.35,9963.52,4942.06,1256.77,1303.16,559.12,961.07,3799.2799999999997,14905.580000000002,11.386029271836321,245.68721864809632
2025-11-12 14:00:00,42905.92,35728.87,1918.09,1631.26,11606.84,4977.59,1238.03,2206.64,646.42,953.93,3549.35,16584.43,9.934123301408636,255.29596933796114
2025-11-12 15:00:00,42831.51,38012.87,1528.04,1675.72,13404.93,5029.49,1212.2,2940.86,736.64,963.79,3203.76,18434.42,8.428092906428796,266.7236385992428
2025-11-12 16:00:00,43632.7,41565.08,555.57,1711.26,14607.5,5143.28,1242.96,5617.06,1082.03,969.67,2266.83,19750.78,5.45368852892861,261.34748206908296
2025-11-12 17:00:00,45052.69,44730.86,45.54,1800.66,14955.59,5134.65,1260.43,8560.43,1366.47,974.46,1846.2,20090.239999999998,4.127351899784623,247.02480569342953
2025-11-12 18:00:00,44550.82,44502.18,2.27,2244.13,14665.75,5143.22,1284.31,8106.23,1501.53,987.48,2246.4,19808.97,5.047842600070378,244.81797296222342
2025-11-12 19:00:00,43275.74,43245.49,2.13,2511.12,14605.15,5177.42,1300.51,6685.22,1405.28,993.48,2513.25,19782.57,5.81158867664582,251.59649017735723
2025-11-12 20:00:00,42080.46,42054.03,2.09,2543.74,14548.16,5109.17,1313.24,5707.15,1306.87,982.54,2545.83,19657.33,6.053712331493557,257.0866929994581
2025-11-12 21:00:00,40778.87,40752.52,2.08,2490.14,14261.96,4944.68,1324.07,4985.95,1113.84,982.17,2492.22,19206.64,6.115499115146744,259.2146939624838
2025-11-12 22:00:00,39264.51,39241.95,2.05,2272.13,13061.58,4907.76,1335.77,5061.44,941.8,973.75,2274.1800000000003,17969.34,5.79527775760379,251.8513223731237
2025-11-12 23:00:00,36878.44,36857.49,1.48,2163.07,11556.47,5074.21,1339.74,4668.8,896.91,968.65,2164.55,16630.68,5.872754764364042,248.16866259748022
2025-11-13,35573.75,35557.57,1.47,2142.62,11419.83,5141.25,1344.92,2949.31,837.28,986.22,2144.0899999999997,16561.08,6.029911492826984,256.1646929191168
2025-11-13 01:00:00,33873.18,33857.15,1.47,2044.96,10778.16,5133.76,1358.98,2002.27,763.75,991.97,2046.43,15911.92,6.044306741707438,258.48472183866625
2025-11-13 02:00:00,32703.33,32684.56,1.46,2058.32,10363.23,5124.25,1362.64,1322.59,668.58,990.37,2059.78,15487.48,6.301997028566393,260.615838181698
2025-11-13 03:00:00,31837.88,31822.2,1.45,2369.85,9747.37,5080.36,1369.12,889.1,613.4,980.5,2371.2999999999997,14827.73,7.451716097567106,256.2755403460477
2025-11-13 04:00:00,31635.65,31616.83,1.49,2631.44,9531.08,5151.92,1373.99,614.65,572.68,979.07,2632.93,14683.0,8.327621712866216,255.42250756954442
2025-11-13 05:00:00,31920.72,31892.68,1.48,2755.19,9646.62,5147.31,1374.58,604.76,608.48,982.45,2756.67,14793.93,8.643582163681447,255.12630170935776
2025-11-13 06:00:00,32864.43,32771.39,3.73,2925.36,10228.02,5129.1,1374.58,700.69,676.84,982.58,2929.09,15357.12,8.93794861920718,257.73749602931093
2025-11-13 07:00:00,34747.79,34379.34,76.18,3098.54,10812.77,5142.93,1376.69,1498.89,748.76,973.96,3174.72,15955.7,9.234383208054606,255.25897239446718
2025-11-13 08:00:00,40008.24,38440.75,395.4,3314.62,12246.11,5139.79,1372.66,3411.48,915.03,982.82,3710.02,17385.9,9.651268510629995,248.75282089969633
2025-11-13 09:00:00,42175.25,38486.77,994.08,3117.39,12120.54,5060.57,1350.79,3418.13,840.09,967.43,4111.47,17181.11,10.682813860451269,245.52880119583955
2025-11-13 10:00:00,42985.53,37507.15,1490.75,2673.13,12186.19,5008.91,1315.97,2522.5,702.15,979.44,4163.88,17195.1,11.101563301930433,252.1467240246193
2025-11-13 11:00:00,43432.99,36590.94,2020.02,2525.7,11390.88,4923.69,1297.51,2237.49,611.69,966.28,4545.719999999999,16314.57,12.423075220259438,245.2250065180069
2025-11-13 12:00:00,41938.49,34473.74,1841.86,2493.71,9898.32,4967.37,1283.82,1689.51,611.42,964.56,4335.57,14865.689999999999,12.576442242704156,237.16978488553897
2025-11-13 13:00:00,42527.66,35327.93,1781.98,2716.02,10816.12,4972.16,1256.13,1488.56,535.31,984.54,4498.0,15788.28,12.732135735096847,245.79855089160333
2025-11-13 14:00:00,43095.89,37183.32,1461.38,2839.53,12536.26,4904.44,1250.73,1784.39,626.6,1006.41,4300.91,17440.7,11.566772413006692,257.9754847065835
2025-11-13 15:00:00,43468.05,39392.58,1107.44,3109.68,14122.28,4966.63,1247.41,2490.22,700.29,998.02,4217.12,19088.91,10.705366340564645,266.5197481353087
2025-11-13 16:00:00,44154.04,42379.2,491.02,3373.13,14830.38,4907.08,1254.58,4797.49,1146.31,1005.5,3864.15,19737.46,9.118034318722392,256.15403311058253
2025-11-13 17:00:00,45494.38,45175.93,44.56,3513.45,14751.48,4974.47,1271.34,7750.69,1308.99,1017.53,3558.0099999999998,19725.95,7.8758976295562695,240.15604105991844
2025-11-13 18:00:00,45072.39,45027.18,3.13,3844.23,14878.49,4932.02,1301.24,7156.08,1361.89,1015.91,3847.36,19810.510000000002,8.544527993980525,241.98229824741412
2025-11-13 19:00:00,43673.75,43644.64,1.59,4006.55,14775.05,4928.28,1321.77,5608.86,1415.17,1019.59,4008.1400000000003,19703.329999999998,9.183579014513581,248.2969615512924
2025-11-13 20:00:00,42569.11,42546.24,1.62,3757.03,14581.19,4930.96,1335.65,4999.49,1362.62,994.39,3758.65,19512.15,8.834270666456073,252.23574398113678
2025-11-13 21:00:00,41382.07,41359.97,1.61,3542.5,14234.96,4924.02,1340.19,4459.46,1156.53,1003.53,3544.11,19158.98,8.568937550003058,254.77385501004957
2025-11-13 22:00:00,39900.38,39879.74,1.59,3433.25,12593.57,4953.72,1345.18,4878.51,944.06,1001.83,3434.84,17547.29,8.612994969375427,242.0028189752491
2025-11-13 23:00:00,38001.36,37982.62,1.59,3200.23,11524.59,4977.3,1356.19,4328.66,894.86,984.59,3201.82,16501.89,8.429697582736525,238.95243403430305
2025-11-14,35777.15,35747.42,2.53,3001.96,10784.89,4958.55,1365.78,3007.26,900.76,995.8,3004.4900000000002,15743.439999999999,8.404774386515168,242.22425002979236
2025-11-14 01:00:00,34069.76,34046.87,2.47,3081.56,10081.26,4950.75,1375.52,1915.41,896.92,998.01,3084.0299999999997,15032.01,9.058189489958988,242.83011918569898
2025-11-14 02:00:00,32819.22,32799.57,2.42,3246.51,9598.33,4912.1,1378.33,1100.32,768.2,999.52,3248.9300000000003,14510.43,9.905404247677637,243.3183270390435
2025-11-14 03:00:00,32114.94,32095.77,2.42,3484.17,9312.41,4878.19,1380.55,797.9,665.3,1002.17,3486.59,14190.599999999999,10.863082580664056,243.17316580970012
2025-11-14 04:00:00,31813.25,31791.05,2.43,3574.68,9168.45,4931.68,1386.46,469.05,724.54,993.29,3577.1099999999997,14100.130000000001,11.25194040461073,243.93882869549765
2025-11-14 05:00:00,32038.48,32003.15,2.42,3543.33,8920.31,4971.37,1365.94,697.61,787.97,989.66,3545.75,13891.68,11.079378123715946,238.7397490559523
2025-11-14 06:00:00,33209.49,33112.26,5.96,3545.66,9788.87,4975.26,1381.54,730.19,945.42,996.68,3551.62,14764.130000000001,10.725996957018335,245.23458984678183
2025-11-14 07:00:00,35134.29,34733.56,69.45,3471.07,10706.51,4967.97,1381.89,1385.85,1086.63,991.77,3540.52,15674.48,10.19336917954854,248.2027180628764
2025-11-14 08:00:00,40038.97,38268.64,550.57,3521.5,11443.31,4957.98,1375.76,3384.87,1410.43,992.08,4072.07,16401.29,10.64074918784676,235.72067102463012
2025-11-14 09:00:00,42432.25,38027.61,1563.7,3198.83,11243.98,4955.59,1355.38,2736.19,1323.73,1007.77,4762.53,16199.57,12.523874100949284,234.29722509513482
2025-11-14 10:00:00,43333.91,36613.91,1840.03,2997.18,11117.77,4987.85,1340.73,1531.84,1174.69,1001.93,4837.21,16105.62,13.211399711202654,241.93239673118765
2025-11-14 11:00:00,43575.63,35541.95,1900.78,2856.19,10443.26,4922.11,1321.79,1295.19,1134.27,994.01,4756.97,15365.369999999999,13.384099634375717,237.7740529149357
2025-11-14 12:00:00,41337.47,32817.21,1949.22,2954.1,8858.51,4907.39,1281.84,853.24,1055.48,967.86,4903.32,13765.900000000001,14.941306710716724,230.7095880484661
2025-11-14 13:00:00,41646.61,33707.29,1921.25,2991.05,9633.09,4835.95,1241.97,789.28,1097.96,972.35,4912.3,14469.04,14.573405337539743,236.09053115809667
2025-11-14 14:00:00,43297.25,36787.83,1885.55,2950.93,11316.35,4872.97,1260.94,1498.5,1301.72,985.55,4836.48,16189.32,13.146956479901096,242.03998985534074
2025-11-14 15:00:00,43392.94,38920.94,1430.47,2808.12,12937.17,4843.08,1268.26,2632.7,1348.12,998.44,4238.59,17780.25,10.890255990734037,251.25645732091772
2025-11-14 16:00:00,44028.08,41998.75,587.64,3101.64,13734.07,4797.22,1270.87,5240.32,1700.23,986.69,3689.2799999999997,18531.29,8.78426143635227,242.67887734754012
2025-11-14 17:00:00,45271.58,44917.91,61.39,3459.47,13882.64,4774.95,1292.78,8035.39,1864.07,969.55,3520.8599999999997,18657.59,7.838432375860763,228.4539619051732
2025-11-14 18:00:00,44801.43,44749.78,3.22,3764.63,13800.2,4818.54,1323.23,7488.61,1995.05,987.31,3767.85,18618.74,8.419817929831163,228.8348009755579
2025-11-14 19:00:00,43486.26,43456.43,3.1,3877.28,13775.66,4876.27,1340.89,6070.04,1931.45,999.91,3880.38,18651.93,8.929357519704219,236.06544532075
2025-11-14 20:00:00,42220.24,42187.71,3.07,4285.98,13176.07,4822.25,1349.69,5039.16,1911.28,984.59,4289.049999999999,17998.32,10.166586430029028,234.64359644076438
2025-11-14 21:00:00,40918.02,40885.83,3.04,4419.78,12637.55,4830.13,1359.45,4152.12,1784.25,984.76,4422.82,17467.68,10.817488601796759,234.97686117659833
2025-11-14 22:00:00,39443.64,39413.5,3.04,4277.0,11034.44,4853.85,1370.7,4666.54,1472.14,991.87,4280.04,15888.29,10.859324850622249,221.71488195669
2025-11-14 23:00:00,37784.77,37761.47,2.51,4088.01,10030.55,4870.6,1376.65,4107.1,1433.4,983.2,4090.5200000000004,14901.15,10.832523204207888,217.03690295955107
2025-11-15,35725.05,35692.82,2.76,4088.86,9174.31,4849.05,1380.65,3021.18,1346.88,967.72,4091.6200000000003,14023.36,11.463425977549548,216.08962250671146
2025-11-15 01:00:00,33879.84,33853.94,2.34,4146.26,8576.6,4809.58,1389.69,1853.46,1256.93,956.21,4148.6,13386.18,12.254408201822299,217.47539577372677
2025-11-15 02:00:00,32502.32,32472.23,2.5,4157.57,8223.46,4815.85,1392.22,967.44,1168.26,929.27,4160.07,13039.31,12.811162029832875,220.85395736603246
2025-11-15 03:00:00,31617.42,31590.71,2.49,4095.8,7680.83,4806.26,1398.13,742.58,1098.66,928.24,4098.29,12487.09,12.973086074988501,217.40250535679635
2025-11-15 04:00:00,31313.35,31286.64,2.49,4222.65,7793.38,4873.59,1397.56,446.58,1013.11,940.9,4225.139999999999,12666.970000000001,13.50461411004825,222.67758698281443
2025-11-15 05:00:00,31475.18,31436.42,2.52,4228.09,7739.77,4853.71,1400.59,439.34,1025.4,955.75,4230.610000000001,12593.48,13.457671070688077,220.33087737089656
2025-11-15 06:00:00,32055.54,31952.04,5.7,4060.47,8079.23,4848.57,1396.42,668.39,1119.33,960.41,4066.1699999999996,12927.8,12.725854123868146,222.53007945658553
2025-11-15 07:00:00,33009.49,32662.19,46.35,4172.02,8132.81,4838.59,1399.29,1219.17,1217.32,947.42,4218.370000000001,12971.400000000001,12.915147453370398,218.42595367916238
2025-11-15 08:00:00,36223.18,34669.3,430.65,4189.09,9378.91,4874.93,1398.1,1451.58,1490.25,955.95,4619.74,14253.84,13.325160877202597,226.12547700703502
2025-11-15 09:00:00,38549.46,34627.4,872.82,4005.43,9203.34,4908.72,1364.8,1432.66,1434.13,967.25,4878.25,14112.060000000001,14.087832179141374,224.1471493672641
2025-11-15 10:00:00,39833.43,33749.58,1018.18,3484.3,8996.29,4912.94,1363.51,1441.61,1116.56,956.33,4502.4800000000005,13909.23,13.34084750091705,226.67175413738482
2025-11-15 11:00:00,40483.6,33248.36,1113.15,3113.98,8283.75,4969.34,1343.72,1671.1,1148.49,984.24,4227.13,13253.09,12.713800019008456,219.23485850129148
2025-11-15 12:00:00,39983.33,32288.25,1469.96,3002.51,7375.93,4905.26,1319.47,1547.37,1092.72,971.61,4472.47,12281.19,13.851695276145348,209.19853197370563
2025-11-15 13:00:00,40367.15,32871.99,1346.97,2838.03,7801.22,4958.59,1307.52,1918.58,1149.0,975.26,4185.0,12759.810000000001,12.731203678268338,213.4916535323843
2025-11-15 14:00:00,40026.61,33489.65,1183.0,2837.91,7867.79,4982.37,1294.6,2693.7,1157.87,958.78,4020.91,12850.16,12.006425865901853,211.03797740495943
2025-11-15 15:00:00,39831.08,35228.83,837.15,2599.33,10152.77,5015.11,1288.2,2850.1,1154.11,957.77,3436.48,15167.880000000001,9.754737809913074,236.80417430837187
2025-11-15 16:00:00,40005.49,37974.58,379.65,2448.38,12116.92,5028.79,1287.49,3862.65,1508.64,966.97,2828.03,17145.71,7.4471659726058865,248.32771027355665
2025-11-15 17:00:00,41927.88,41559.0,46.59,2355.17,12787.09,5002.8,1304.81,6809.77,1837.27,983.92,2401.76,17789.89,5.7791573425732095,235.43491181212252
2025-11-15 18:00:00,43201.37,43149.47,2.87,2367.66,12280.58,4989.67,1335.59,8787.01,2014.05,982.59,2370.5299999999997,17270.25,5.493763886323516,220.13335273874742
2025-11-15 19:00:00,42367.0,42332.06,2.64,2331.31,12596.6,4876.41,1354.17,7661.64,2057.42,993.32,2333.95,17473.010000000002,5.513433553670669,227.0183756708273
2025-11-15 20:00:00,41361.14,41332.64,2.64,2282.53,12706.35,4733.72,1365.96,6785.87,2013.02,983.05,2285.17,17440.07,5.5287298367585525,232.06934035667697
2025-11-15 21:00:00,40367.3,40344.24,2.76,2107.14,12845.27,4782.15,1381.03,5996.36,1817.8,964.16,2109.9,17627.42,5.229742833177673,240.30892637957734
2025-11-15 22:00:00,39015.53,38994.12,2.75,1936.05,12197.08,4751.4,1387.87,5398.32,1664.31,976.25,1938.8,16948.48,4.972031680673907,239.05306748812382
2025-11-15 23:00:00,36571.06,36552.23,1.1,1843.72,10841.43,4766.13,1389.64,4624.04,1400.37,968.66,1844.82,15607.560000000001,5.047079206932107,234.84635547543883
2025-11-16,34628.8,34603.78,2.74,1794.82,10013.62,4730.15,1391.82,3477.21,1494.23,1000.57,1797.56,14743.77,5.194692602946846,234.34068474600176
2025-11-16 01:00:00,32869.59,32847.7,2.78,1775.83,9363.01,4627.67,1391.41,2446.63,1519.52,992.55,1778.61,13990.68,5.414717012150014,234.2591414315158
2025-11-16 02:00:00,31329.62,31305.17,2.71,1771.65,8876.38,4674.54,1390.89,1478.75,1454.37,983.7,1774.3600000000001,13550.919999999998,5.6679455821514475,238.07588331256463
2025-11-16 03:00:00,30396.8,30371.04,2.69,1805.79,8695.1,4685.54,1393.3,874.23,1312.78,978.43,1808.48,13380.64,5.9546199274045275,242.31478408378504
2025-11-16 04:00:00,29932.09,29909.95,2.69,1795.95,8696.49,4631.09,1392.23,552.03,1242.31,982.08,1798.64,13327.58,6.013517240918157,245.07459892109483
2025-11-16 05:00:00,29818.92,29780.31,2.85,1526.24,8887.81,4618.14,1393.38,550.74,1193.18,985.53,1529.09,13505.95,5.134567101551327,249.435700971548
2025-11-16 06:00:00,30135.15,30022.89,7.05,1361.53,8857.08,4587.51,1395.93,798.27,1455.5,988.36,1368.58,13444.59,4.558455231991323,246.29622597957757
2025-11-16 07:00:00,29884.51,29344.96,79.2,1353.97,7814.76,4606.05,1398.21,1236.86,1367.25,995.72,1433.17,12420.810000000001,4.883871029301114,232.79791487192352
2025-11-16 08:00:00,30134.08,27570.23,706.91,1633.9,5127.79,4611.35,1387.13,1664.26,1389.06,992.58,2340.81,9739.14,8.490353544384648,194.28662727877133
2025-11-16 09:00:00,31335.6,25236.27,1767.46,1614.23,3183.69,4560.06,1375.31,1427.47,1331.62,983.96,3381.69,7743.75,13.400118163262636,168.76751199761296
2025-11-16 10:00:00,32488.66,23479.61,2385.36,1572.24,3200.59,4449.77,1363.13,1445.55,1188.05,981.48,3957.6000000000004,7650.360000000001,16.855475878858293,179.2064689319797
2025-11-16 11:00:00,33541.38,22710.68,2489.55,1398.24,3193.3,4258.03,1337.9,1819.89,1105.48,973.55,3887.79,7451.33,17.118774074576365,180.45393180653332
2025-11-16 12:00:00,33843.2,22379.16,2568.42,1369.03,3175.78,4255.99,1315.61,1457.68,1017.39,971.98,3937.45,7431.77,17.594270741171698,182.64642193898254
2025-11-16 13:00:00,34099.55,23214.18,2453.87,1387.08,3324.48,4246.78,1257.05,1946.97,1172.91,987.39,3840.95,7571.26,16.545706115830928,179.38143841393494
2025-11-16 14:00:00,34142.77,24836.46,2252.56,1346.91,3765.01,4367.71,1243.68,2294.35,1198.67,995.87,3599.4700000000003,8132.72,14.49268535048876,180.0979688731808
2025-11-16 15:00:00,34407.93,27936.24,1891.24,1190.8,5100.51,4492.72,1243.81,2983.98,1274.69,998.9,3082.04,9593.23,11.032408083550255,188.868527045873
2025-11-16 16:00:00,35351.73,32561.8,705.09,1123.67,7815.19,4646.5,1256.76,4184.26,1619.43,1013.95,1828.7600000000002,12461.689999999999,5.616274284591148,210.4898838516298
2025-11-16 17:00:00,37736.16,37330.76,62.42,1164.92,9758.78,4639.93,1289.08,7229.0,1897.93,1005.32,1227.3400000000001,14398.710000000001,3.2877444766728567,212.13847508060377
2025-11-16 18:00:00,39980.67,39929.05,3.42,1567.52,10235.45,4482.39,1323.98,8886.85,2066.77,1011.67,1570.94,14717.84,3.934328515203843,202.7298921461943
2025-11-16 19:00:00,39651.87,39615.99,2.84,1888.27,10319.68,4409.4,1342.0,8275.68,1982.79,1020.59,1891.11,14729.08,4.773602780089554,204.48798578553763
2025-11-16 20:00:00,38814.36,38783.68,2.69,2151.27,10396.57,4463.64,1355.73,7056.49,1963.99,1012.35,2153.96,14860.21,5.5537793216115645,210.73594615054577
2025-11-16 21:00:00,37952.94,37918.97,2.66,2590.78,10318.22,4486.22,1367.11,5985.14,1783.04,1021.72,2593.44,14804.439999999999,6.839426281884767,214.7326786566196
2025-11-16 22:00:00,36692.01,36657.77,2.62,3208.48,8562.68,4507.72,1377.98,5997.21,1440.41,999.18,3211.1,13070.400000000001,8.759670869231817,196.10358185999863
2025-11-16 23:00:00,34938.14,34908.7,2.6,3557.49,7387.86,4595.28,1381.27,5129.35,1414.5,987.97,3560.0899999999997,11983.14,10.198288678753434,188.79898134275982
2025-11-17,33159.4,33121.21,2.6,4189.77,5900.57,4657.68,1381.07,3990.75,1557.67,1004.27,4192.370000000001,10558.25,12.65765954806603,175.32685249119822
2025-11-17 01:00:00,31269.25,31233.27,2.58,4533.43,4749.18,4589.06,1380.3,2994.53,1537.05,1000.44,4536.01,9338.240000000002,14.523007037047353,164.44105916543484
2025-11-17 02:00:00,30004.04,29959.89,2.54,4806.74,4433.42,4523.45,1382.77,1951.75,1374.05,986.97,4809.28,8956.869999999999,16.052395385964367,164.42912507355666
2025-11-17 03:00:00,29411.25,29368.21,2.55,4983.11,4386.84,4480.25,1379.34,1525.31,1171.65,992.17,4985.66,8867.09,16.97638364748822,166.06049534513681
2025-11-17 04:00:00,29326.97,29281.73,2.55,5225.9,4280.06,4474.25,1385.33,1324.59,1161.83,991.93,5228.45,8754.310000000001,17.85567314499519,164.43258304751805
2025-11-17 05:00:00,29774.9,29708.5,2.68,5508.6,4296.22,4467.56,1387.68,1201.6,1184.28,985.89,5511.280000000001,8763.78,18.551189053637852,162.2457882424222
2025-11-17 06:00:00,31452.66,31305.39,8.1,5805.88,5078.34,4519.04,1388.14,1394.99,1331.72,1000.55,5813.9800000000005,9597.380000000001,18.57181782434271,168.61502124713988
2025-11-17 07:00:00,34647.97,34035.8,129.53,6155.54,6154.11,4516.16,1385.59,2402.16,1523.26,1003.65,6285.07,10670.27,18.46605632892425,172.425754646578
2025-11-17 08:00:00,40172.04,37221.82,1039.01,6568.37,5782.22,4535.46,1386.17,4541.05,1676.4,985.19,7607.38,10317.68,20.437958165398683,152.45691908670776
2025-11-17 09:00:00,42495.73,35727.06,2262.91,6618.35,5033.96,4490.47,1369.19,2672.07,1536.51,1005.5,8881.26,9524.43,24.858636562874192,146.62377760722546
2025-11-17 10:00:00,42749.6,33122.67,2627.08,6380.42,4452.39,4362.41,1341.31,1458.49,1209.71,1006.95,9007.5,8814.8,27.194365671607994,146.3692389532607
2025-11-17 11:00:00,42945.81,31607.37,2695.41,6505.36,3897.59,4222.05,1318.2,1497.59,1047.65,996.56,9200.77,8119.64,29.10957159675101,141.28989536301185
2025-11-17 12:00:00,40983.34,29097.21,2671.58,6947.82,3177.91,4158.94,1292.85,871.79,1016.18,1003.42,9619.4,7336.849999999999,33.05952701307101,138.68228259685378
2025-11-17 13:00:00,41332.83,29898.41,2639.13,7090.95,3648.72,4155.79,1259.48,1103.35,1043.39,994.83,9730.08,7804.51,32.54380416885045,143.56885533377863
2025-11-17 14:00:00,41738.55,32293.78,2520.04,7211.02,4347.5,4021.77,1238.5,2112.55,1110.01,987.42,9731.060000000001,8369.27,30.13292342983696,142.53823801363606
2025-11-17 15:00:00,42835.68,36360.31,1972.36,7243.54,6756.01,4285.83,1227.02,3441.39,1239.08,986.47,9215.9,11041.84,25.346043529331848,167.02310843884445
2025-11-17 16:00:00,44100.65,41407.23,703.54,7255.93,9201.45,4379.33,1228.18,5536.78,1706.61,989.52,7959.47,13580.78,19.22241598870535,180.38948753635535
2025-11-17 17:00:00,46024.32,45628.98,50.05,7592.66,10243.62,4337.1,1248.61,8524.64,1946.18,992.64,7642.71,14580.720000000001,16.749684082352925,175.7522521870969
2025-11-17 18:00:00,45284.58,45187.17,2.69,8013.33,9549.28,4280.09,1274.41,8275.98,2104.85,1010.77,8016.0199999999995,13829.37,17.739592897718534,168.32551142282202
2025-11-17 19:00:00,43979.1,43903.39,2.58,8127.92,9569.79,4308.59,1293.91,6901.64,2019.28,1006.02,8130.5,13878.380000000001,18.519071078565915,173.86149452240477
2025-11-17 20:00:00,43118.86,43053.24,2.66,8533.86,9351.26,4333.34,1304.73,5917.93,1888.87,1012.99,8536.52,13684.6,19.82782248211749,174.81913091790537
2025-11-17 21:00:00,42296.94,42219.2,2.7,8855.17,8830.09,4412.57,1318.81,5219.74,1792.32,1008.14,8857.87,13242.66,20.980667563572975,172.515419524766
2025-11-17 22:00:00,40629.49,40548.7,2.67,9019.11,5960.67,4485.44,1325.56,6404.89,1605.16,1025.15,9021.78,10446.11,22.24924596842809,141.69037478390183
2025-11-17 23:00:00,38279.47,38199.68,2.66,9008.15,5151.36,4458.35,1331.24,5593.95,1341.99,1010.78,9010.81,9609.71,23.588705455124227,138.36085799671616
2025-11-18,36012.03,35932.27,2.65,9027.6,4737.69,4396.53,1335.85,4257.03,1284.22,1016.48,9030.25,9134.22,25.131309544317688,139.8136271379459
2025-11-18 01:00:00,34180.64,34118.0,3.18,9025.44,4315.36,4401.96,1336.47,3206.63,1229.21,1011.97,9028.62,8717.32,26.462922797350373,140.52775660941438
2025-11-18 02:00:00,33156.33,33086.19,3.11,9085.22,4329.06,4451.21,1349.12,2541.13,1062.4,1007.56,9088.33,8780.27,27.4686508177581,145.95662117638807
2025-11-18 03:00:00,32245.18,32176.07,3.09,8907.19,4333.52,4471.81,1354.58,2167.97,1057.29,1011.34,8910.28,8805.330000000002,27.6922570096348,150.51345611816487
2025-11-18 04:00:00,32130.69,32071.57,3.09,8891.04,4384.31,4501.52,1358.39,1725.68,1091.6,1011.93,8894.130000000001,8885.830000000002,27.732131604408515,152.38438592186165
2025-11-18 05:00:00,32454.71,32374.91,3.21,8603.34,4461.72,4546.29,1363.01,1718.91,1082.35,1015.17,8606.55,9008.01,26.58401212543911,153.03225553368335
2025-11-18 06:00:00,33880.97,33728.69,9.41,8528.61,4667.81,4586.09,1359.93,1731.5,1194.41,1027.46,8538.02,9253.900000000001,25.313820370728894,150.8995754059823
2025-11-18 07:00:00,36434.31,35894.97,141.26,8574.11,5194.61,4644.61,1358.66,3034.79,1343.87,1021.29,8715.37,9839.22,24.280198590498895,150.76126265044934
2025-11-18 08:00:00,41211.14,38483.57,1074.06,8623.6,5215.87,4605.36,1356.96,4644.7,1451.55,985.01,9697.66,9821.23,25.19948123316002,140.363186159704
2025-11-18 09:00:00,42407.13,36133.25,2191.85,8252.2,4359.67,4648.22,1349.57,2604.09,1286.28,992.49,10444.050000000001,9007.89,28.90426407809981,137.11303300976246
2025-11-18 10:00:00,42536.78,33536.34,2472.0,7949.77,4391.49,4575.27,1323.65,1667.34,1003.58,998.81,10421.77,8966.76,31.076050636414116,147.0559399147313
2025-11-18 11:00:00,42514.04,31946.01,2528.05,8030.16,3638.6,4475.64,1290.45,1541.12,997.16,989.21,10558.21,8114.24,33.05016808045825,139.69919874187732
2025-11-18 12:00:00,40677.16,29595.77,2519.96,7930.05,3188.61,4382.47,1257.64,1254.54,870.95,990.11,10450.01,7571.08,35.30913370390431,140.69895799298345
2025-11-18 13:00:00,41629.31,31012.39,2574.32,7716.75,3746.45,4507.11,1229.96,983.23,933.22,977.75,10291.07,8253.56,33.18373720954754,146.375625999802
2025-11-18 14:00:00,42101.06,33363.45,2483.99,7251.42,4257.71,4604.01,1208.83,1567.26,1005.54,962.55,9735.41,8861.720000000001,29.179865991077065,146.08639094578052
2025-11-18 15:00:00,42170.98,36285.83,1931.77,6939.64,6564.08,4627.82,1200.26,2587.12,1150.0,993.91,8871.41,11191.9,24.448689750241346,169.64046295757876
2025-11-18 16:00:00,42923.84,40578.87,668.67,6924.57,9749.08,4651.29,1207.53,4308.16,1412.92,987.33,7593.24,14400.369999999999,18.71230026858806,195.1804843259558
2025-11-18 17:00:00,44897.05,44568.12,44.44,6957.99,11334.34,4596.39,1231.41,7012.39,1730.9,1000.49,7002.429999999999,15930.73,15.711746423228082,196.59571684872503
2025-11-18 18:00:00,45081.57,45008.54,3.59,6969.96,11513.79,4669.74,1251.73,6963.47,1945.01,1003.57,6973.55,16183.53,15.493837391748322,197.76116932475483
2025-11-18 19:00:00,44087.04,44024.35,2.79,6904.49,11378.29,4707.58,1271.02,6137.73,1918.19,1008.56,6907.28,16085.87,15.689680824361973,200.96216071333254
2025-11-18 20:00:00,43073.93,42986.73,2.77,7226.13,10978.8,4733.59,1282.35,5399.68,1644.64,1020.47,7228.900000000001,15712.39,16.81658502519266,201.03447040516917
2025-11-18 21:00:00,41664.28,41610.52,2.82,7385.09,9430.37,4800.86,1307.77,5370.77,1545.23,1026.5,7387.91,14231.23,17.754909095103834,188.1057122093163
2025-11-18 22:00:00,39615.36,39566.37,2.82,7441.19,6375.54,4856.17,1311.07,6561.54,1354.43,1025.82,7444.009999999999,11231.71,18.813982682768216,156.1285632217461
2025-11-18 23:00:00,37642.72,37594.15,2.79,7542.88,5493.23,4842.18,1312.01,5581.14,1211.11,1019.4,7545.67,10335.41,20.07139408657996,151.206384503972
2025-11-19,35871.21,35813.68,2.77,7726.75,5279.62,4872.13,1327.29,4318.07,1093.45,1019.71,7729.52,10151.75,21.582590786537438,155.90306553250045
2025-11-19 01:00:00,33944.99,33894.56,2.76,7687.48,4691.82,4886.39,1335.01,3126.54,1062.79,1017.78,7690.24,9578.21,22.688714649194445,155.4236284524714
2025-11-19 02:00:00,33029.13,32978.59,2.75,7804.62,4591.65,4863.59,1338.4,2235.52,1025.47,1008.07,7807.37,9455.24,23.67405641053787,157.68964046067464
2025-11-19 03:00:00,32310.15,32256.43,2.75,7746.06,4651.54,4772.86,1342.94,1863.04,853.83,1004.62,7748.81,9424.4,24.022528221504984,160.69416237320743
2025-11-19 04:00:00,32060.21,32014.89,2.75,7521.44,4698.9,4692.39,1352.29,1556.61,806.35,1014.36,7524.19,9391.29,23.502157902151154,161.3377244151081
2025-11-19 05:00:00,32271.56,32218.33,2.88,7296.43,4979.11,4691.19,1349.6,1384.06,940.31,1015.38,7299.31,9670.3,22.65576769497364,165.08195800340985
2025-11-19 06:00:00,33746.69,33637.06,8.75,7170.89,6182.02,4596.89,1349.88,1518.37,1197.55,1012.3,7179.64,10778.91,21.3444337882086,176.24609582407024
2025-11-19 07:00:00,36385.39,35874.43,139.59,7114.02,6776.16,4478.45,1353.44,2862.32,1390.49,1022.65,7253.610000000001,11254.61,20.21944320787815,172.54728507184646
2025-11-19 08:00:00,41034.65,38555.5,1055.48,7089.96,6342.82,4553.07,1351.28,4841.87,1560.49,1031.56,8145.4400000000005,10895.89,21.126531882610784,155.43150782638014
2025-11-19 09:00:00,42766.88,37177.29,2197.33,6718.01,5939.84,4572.12,1335.94,3389.6,1329.86,1008.65,8915.34,10511.96,23.980607516040035,155.5137020476748
2025-11-19 10:00:00,43296.77,34991.26,2496.26,6436.07,5617.7,4598.12,1297.02,1670.16,1132.24,1016.48,8932.33,10215.82,25.52731739297184,160.57441201031344
2025-11-19 11:00:00,43509.15,33706.32,2516.46,6038.89,5016.92,4680.62,1267.94,1517.36,1087.4,1015.39,8555.35,9697.54,25.382035179159278,158.23878133240297
2025-11-19 12:00:00,41400.37,31427.11,2495.25,5689.63,4120.03,4695.56,1239.19,771.72,930.25,1018.56,8184.88,8815.59,26.044011046513667,154.27999901995443
2025-11-19 13:00:00,41988.92,32518.39,2475.75,5489.91,4768.69,4815.51,1219.66,1143.37,963.37,1014.07,7965.66,9584.2,24.495862187519123,162.10242881028242
2025-11-19 14:00:00,42347.9,34695.42,2292.96,5167.34,6104.74,4780.61,1216.61,2531.59,1088.22,1004.21,7460.3,10885.349999999999,21.50226168180123,172.5571415477893
2025-11-19 15:00:00,42629.48,37847.02,1802.64,4860.01,8794.39,4793.11,1211.75,3420.54,1220.72,1003.97,6662.650000000001,13587.5,17.604160116172952,197.4561009030566
2025-11-19 16:00:00,44219.33,42433.33,605.43,4714.75,11436.52,4784.22,1214.12,6317.95,1637.75,997.22,5320.18,16220.740000000002,12.537738612548202,210.24527181816745
2025-11-19 17:00:00,45602.23,45350.31,45.72,4736.18,12013.36,4714.18,1229.82,8971.92,1911.85,1002.4,4781.900000000001,16727.54,10.544360115730193,202.8684478672803
2025-11-19 18:00:00,45287.19,45220.08,3.49,4960.64,12334.25,4724.2,1246.16,8408.12,1807.79,1005.44,4964.13,17058.45,10.97771167145215,207.47746355159038
2025-11-19 19:00:00,44022.57,43959.38,3.47,5214.21,12295.56,4760.01,1262.66,6925.01,1676.96,1022.84,5217.68,17055.57,11.869321177869207,213.3916242676762
2025-11-19 20:00:00,42837.84,42775.55,3.36,5491.06,12155.8,4753.38,1270.84,5725.75,1535.35,1038.53,5494.42,16909.18,12.84476763010645,217.41506538197638
2025-11-19 21:00:00,41671.71,41612.24,3.35,6059.36,10856.71,4802.37,1278.41,5390.95,1469.91,1045.78,6062.71,15659.079999999998,14.569535309803078,206.97020876549783
2025-11-19 22:00:00,39864.47,39806.12,3.29,6232.29,8330.42,4819.02,1285.28,6117.89,1249.28,1048.62,6235.58,13149.44,15.664877662027848,181.6854292756993
2025-11-19 23:00:00,37759.93,37709.56,2.78,6620.0,6447.98,4817.18,1290.06,5638.16,1148.36,1030.99,6622.78,11265.16,17.562602162422476,164.3041711438691
2025-11-20,36046.23,35999.67,3.29,6875.37,5907.07,4745.44,1291.88,4216.73,1112.74,1063.67,6878.66,10652.509999999998,19.107564041559268,162.74817241380268
2025-11-20 01:00:00,34289.46,34242.96,3.24,7073.14,5034.0,4813.02,1295.97,3153.28,1037.25,1058.4,7076.38,9847.02,20.665211185014382,158.15983781775876
2025-11-20 02:00:00,33096.12,33049.49,3.25,7127.68,4737.62,4846.55,1296.87,2280.94,966.19,1049.07,7130.93,9584.17,21.57652054540025,159.49696954476454
2025-11-20 03:00:00,32359.2,32299.75,2.95,7151.48,4648.45,4870.35,1300.68,1690.11,889.14,1049.92,7154.429999999999,9518.8,22.150109520971522,162.0860842576181
2025-11-20 04:00:00,32137.43,32082.31,2.69,7222.41,4671.57,4834.73,1302.04,1453.58,828.8,1049.48,7225.099999999999,9506.3,22.520510524335684,162.9703409760706
2025-11-20 05:00:00,32391.77,32326.35,2.69,7235.73,4879.99,4805.49,1304.11,1526.71,854.49,1051.06,7238.419999999999,9685.48,22.391702125355938,164.7886012494451
2025-11-20 06:00:00,33661.9,33542.55,8.11,7160.42,6124.07,4805.39,1311.37,1483.91,946.72,1050.24,7168.53,10929.46,21.371452081013516,179.21127046095182
2025-11-20 07:00:00,36372.93,35872.46,126.61,7066.09,6538.38,4857.83,1316.5,2980.89,1129.62,1035.95,7192.7,11396.21,20.05075760067751,174.72778560489022
2025-11-20 08:00:00,40954.15,38529.51,980.74,7190.24,6427.16,4888.45,1315.77,4558.49,1281.68,1027.8,8170.98,11315.61,21.207069594188972,161.5277614483029
2025-11-20 09:00:00,42610.03,37031.57,2141.99,7026.11,5862.95,4848.67,1293.65,2905.42,1139.27,1021.81,9168.099999999999,10711.619999999999,24.75752445818527,159.09104042847764
2025-11-20 10:00:00,42743.77,34441.29,2468.8,6992.19,4692.88,4746.3,1266.76,1507.02,896.33,1012.91,9460.99,9439.18,27.469906034297786,150.7361948405533
2025-11-20 11:00:00,42484.35,32402.04,2533.43,7181.37,3994.48,4752.81,1237.57,1368.69,781.45,1029.88,9714.8,8747.29,29.982062857770682,148.47859887834224
2025-11-20 12:00:00,40454.01,29621.91,2505.72,7576.01,3703.8,4709.47,1212.36,729.81,658.67,1020.04,10081.73,8413.27,34.03470606723199,156.21202346506354
2025-11-20 13:00:00,40863.26,30571.54,2519.08,7838.55,3532.68,4764.14,1192.75,1006.4,721.16,1025.36,10357.630000000001,8296.82,33.879974643083074,149.2646755773507
2025-11-20 14:00:00,41650.5,33178.75,2433.31,7604.06,4433.52,4753.5,1180.53,1708.89,714.66,1019.02,10037.37,9187.02,30.252405530648385,152.29208454206383
2025-11-20 15:00:00,42099.34,36574.86,1945.73,7175.81,6159.03,4759.0,1179.72,3115.49,933.89,1019.55,9121.54,10918.029999999999,24.93937092308761,164.1815307016896
2025-11-20 16:00:00,43081.17,40814.75,683.6,6713.02,9671.73,4707.77,1187.66,4738.17,1287.23,1025.99,7396.620000000001,14379.5,18.122418978433043,193.77124691441207
2025-11-20 17:00:00,45251.45,44925.02,47.97,6129.85,11379.19,4768.75,1200.68,7862.83,1791.02,989.5,6177.820000000001,16147.94,13.751401780121636,197.69311176711776
2025-11-20 18:00:00,44874.31,44807.24,3.2,6211.1,11279.7,4694.79,1225.96,7943.43,1744.28,982.4,6214.3,15974.490000000002,13.868964033491018,196.08370209814308
2025-11-20 19:00:00,43525.25,43466.28,2.95,6028.5,11426.36,4693.12,1249.18,6650.24,1678.58,1007.78,6031.45,16119.48,13.876158714295311,203.96762731938415
2025-11-20 20:00:00,42700.76,42647.88,3.39,6482.11,11057.44,4716.6,1269.52,5740.17,1606.68,1030.53,6485.5,15774.04,15.207086495272451,203.42680574040259
2025-11-20 21:00:00,41484.3,41418.89,3.42,6880.01,10404.91,4745.13,1284.5,4945.66,1414.33,1009.82,6883.43,15150.04,16.619059564367852,201.17685432902718
2025-11-20 22:00:00,39896.76,39829.99,3.38,7024.03,7464.13,4765.01,1286.25,6245.37,1205.04,1024.09,7027.41,12229.14,17.64351434685271,168.86840795089327
2025-11-20 23:00:00,37853.88,37797.75,2.83,7123.76,5758.14,4737.86,1284.05,5901.58,1209.27,999.87,7126.59,10496.0,18.854534992162232,152.72866771170243
2025-11-21,35866.23,35812.7,3.34,7365.19,5445.32,4731.08,1311.84,4295.35,1137.2,1014.78,7368.53,10176.4,20.575187014662397,156.2858985778788
2025-11-21 01:00:00,34255.06,34208.15,3.35,7559.3,5006.02,4600.08,1311.49,3181.63,1000.65,1022.12,7562.650000000001,9606.1,22.10774333017132,154.44725891344606
2025-11-21 02:00:00,33086.92,33040.62,3.33,7824.51,4371.07,4594.6,1322.7,2385.24,1005.3,1023.66,7827.84,8965.67,23.691565109855688,149.24412738017628
2025-11-21 03:00:00,32288.01,32238.98,3.29,7892.6,3926.89,4587.69,1328.55,1896.05,977.31,1033.69,7895.89,8514.58,24.491748808430046,145.25952744162504
2025-11-21 04:00:00,32211.51,32162.06,3.3,7914.17,4002.87,4582.26,1327.16,1767.75,885.73,1031.75,7917.47,8585.130000000001,24.617421893995594,146.81340374341696
2025-11-21 05:00:00,32463.05,32398.98,3.42,7926.24,4356.0,4540.73,1334.49,1636.02,917.13,1029.09,7929.66,8896.73,24.475029769455706,151.02949228648555
2025-11-21 06:00:00,33855.72,33730.36,8.72,7950.16,5089.21,4599.65,1338.95,1996.07,1065.26,1031.22,7958.88,9688.86,23.59559755662258,157.9844685915004
2025-11-21 07:00:00,36237.99,35767.15,116.47,8178.48,5243.76,4614.88,1338.54,3287.1,1355.36,1018.03,8294.949999999999,9858.64,23.191531894489774,151.59865966396538
2025-11-21 08:00:00,41146.05,38641.66,965.98,8176.27,5247.95,4607.25,1339.43,5189.54,1453.89,1026.09,9142.25,9855.2,23.65905087928417,140.2724417118726
2025-11-21 09:00:00,42873.89,36986.74,2070.8,7963.29,4617.93,4548.02,1324.8,3559.17,1312.35,1037.63,10034.09,9165.95,27.128884567820794,136.29945488572395
2025-11-21 10:00:00,43004.38,34096.9,2416.73,7702.88,3976.82,4545.01,1295.92,1639.79,1073.39,1017.59,10119.61,8521.83,29.67897374834663,137.46136745569243
2025-11-21 11:00:00,42909.58,32389.77,2467.12,7685.7,4235.1,4484.74,1264.73,1453.41,873.26,1010.82,10152.82,8719.84,31.34576133143273,148.0687266380712
2025-11-21 12:00:00,40200.31,29045.06,2483.51,7780.47,3603.82,4360.11,1230.62,833.09,671.66,1003.26,10263.98,7963.93,35.3381263457538,150.80573081962993
2025-11-21 13:00:00,40257.41,29850.0,2448.62,7694.66,4072.5,4181.77,1202.24,1050.96,737.0,968.72,10143.279999999999,8254.27,33.98083752093802,152.0887269681742
2025-11-21 14:00:00,42243.75,33726.66,2304.14,7435.26,4852.65,4302.55,1185.23,1449.22,1029.73,967.74,9739.4,9155.2,28.8774518437343,149.29910047422425
2025-11-21 15:00:00,42877.06,37374.31,1605.89,6903.93,7538.72,4489.02,1185.14,2796.46,1107.35,967.35,8509.82,12027.740000000002,22.76916951777839,177.00011050371236
2025-11-21 16:00:00,43837.3,41803.87,562.51,6222.81,10206.78,4635.95,1193.7,5769.46,1489.69,992.6,6785.320000000001,14842.73,16.23132021030589,195.2809991036715
2025-11-21 17:00:00,45625.95,45315.59,41.91,6045.92,10899.83,4694.88,1220.26,8948.4,1730.04,1012.5,6087.83,15594.71,13.434294908220329,189.2746072598856
2025-11-21 18:00:00,45104.33,45030.75,3.06,5950.01,10845.33,4734.54,1245.6,8722.25,1733.11,1025.01,5953.070000000001,15579.869999999999,13.220010770417995,190.29060142236136
2025-11-21 19:00:00,43739.27,43679.29,2.94,5949.38,10832.66,4725.5,1266.22,7354.68,1697.11,1012.99,5952.32,15558.16,13.627327733578088,195.90492427876
2025-11-21 20:00:00,42662.49,42611.98,2.94,5747.99,10853.06,4748.54,1272.97,6517.13,1579.6,1024.36,5750.929999999999,15601.599999999999,13.49604031542303,201.37247788063354
2025-11-21 21:00:00,41277.63,41225.69,3.41,5770.28,10535.35,4720.04,1280.24,5601.63,1527.51,1029.16,5773.69,15255.39,14.005077901667622,203.52514415162
2025-11-21 22:00:00,39790.32,39736.97,3.47,6042.7,8592.89,4742.47,1291.99,5966.17,1274.19,1034.62,6046.17,13335.36,15.215478180646386,184.57491852046093
2025-11-21 23:00:00,38005.4,37943.75,2.91,6543.25,6738.1,4771.78,1297.47,5720.36,1172.42,990.01,6546.16,11509.880000000001,17.2522747488058,166.8373315763466
2025-11-22,35990.44,35927.25,3.44,7239.83,5663.52,4780.25,1307.75,4133.38,1182.94,1025.24,7243.2699999999995,10443.77,20.160936336624705,159.88068944881672
2025-11-22 01:00:00,34059.23,33998.89,3.44,7679.88,4655.04,4810.71,1317.19,3002.43,1014.34,1011.01,7683.32,9465.75,22.598737782321717,153.1274256306603
2025-11-22 02:00:00,32812.14,32763.63,3.45,8016.65,4092.17,4736.87,1325.97,2189.05,937.69,1021.03,8020.099999999999,8829.04,24.478667351572458,148.21227074045217
2025-11-22 03:00:00,31930.37,31886.97,3.38,8262.21,3627.44,4735.34,1328.83,1495.88,901.31,1027.06,8265.589999999998,8362.78,25.921528448767628,144.24478086190067
2025-11-22 04:00:00,31545.21,31502.98,3.22,8057.58,3691.29,4739.35,1335.75,1310.07,815.14,1024.76,8060.8,8430.64,25.587420618620843,147.1877263674738
2025-11-22 05:00:00,31737.99,31683.79,2.81,7725.92,4102.26,4829.13,1335.78,1188.69,863.08,1022.39,7728.7300000000005,8931.39,24.393325419717783,155.04030609974373
2025-11-22 06:00:00,32251.38,32155.93,5.54,7672.56,4237.89,4821.06,1331.52,1486.94,984.75,1016.76,7678.1,9058.95,23.87771089189459,154.94568186956496
2025-11-22 07:00:00,33241.3,32836.34,99.99,7890.73,3846.9,4717.42,1331.15,2511.06,1091.93,1019.62,7990.719999999999,8564.32,24.33498983138803,143.45009218445176
2025-11-22 08:00:00,36426.79,34266.13,873.8,7813.28,3927.8,4731.79,1316.67,2997.48,1247.37,1013.58,8687.08,8659.59,25.351797824849204,138.99365058149257
2025-11-22 09:00:00,38632.33,33541.52,1806.24,7266.82,4125.15,4577.73,1307.59,2095.87,1054.42,996.47,9073.06,8702.88,27.050235051959483,142.7062339452714
2025-11-22 10:00:00,39924.62,32215.88,2213.07,7016.81,3693.46,4358.36,1291.0,1733.65,851.2,995.06,9229.880000000001,8051.82,28.650094301319722,137.46329449948286
2025-11-22 11:00:00,40064.23,30655.14,2316.76,6726.08,2849.84,4308.74,1269.52,1958.36,804.36,976.1,9042.84,7158.58,29.49860936860833,128.43585121451085
2025-11-22 12:00:00,38766.62,28763.69,2297.92,6940.1,2837.87,4275.38,1234.38,1871.73,588.47,994.38,9238.02,7113.25,32.1169502243975,136.0147985185489
2025-11-22 13:00:00,38984.25,29714.56,2283.57,6859.77,3143.51,4306.04,1207.68,2038.37,660.67,987.01,9143.34,7449.55,30.770571733184,137.88703248508475
2025-11-22 14:00:00,39210.54,31680.43,1845.06,6805.61,3717.72,4525.29,1186.46,2452.56,817.83,995.26,8650.67,8243.01,27.306037197096128,143.10587009077844
2025-11-22 15:00:00,39440.8,34531.92,1253.69,6437.36,5237.05,4579.07,1179.34,3887.77,776.0,1006.93,7691.049999999999,9816.119999999999,22.272291838971014,156.34421717645586
2025-11-22 16:00:00,39709.58,37939.96,485.21,5759.03,6901.34,4617.12,1180.96,6253.81,1193.57,1009.35,6244.24,11518.46,16.45821450523406,166.97837846956085
2025-11-22 17:00:00,41739.02,41490.63,26.33,5448.37,8749.42,4632.29,1202.72,8289.78,1621.87,1001.62,5474.7,13381.71,13.195027407392947,177.3880150771391
2025-11-22 18:00:00,42553.79,42490.71,2.72,5591.3,9370.31,4662.53,1219.82,8277.01,1773.84,1028.53,5594.02,14032.84,13.16527777483596,181.6411634449036
2025-11-22 19:00:00,41426.15,41371.21,2.67,5663.14,9254.08,4661.41,1234.49,7268.74,1691.97,1010.87,5665.81,13915.49,13.695055087825569,184.99626914465398
2025-11-22 20:00:00,40424.05,40375.2,3.04,5884.86,9181.6,4641.95,1242.89,6361.98,1429.38,1028.77,5887.9,13823.55,14.582961818145792,188.30748826012007
2025-11-22 21:00:00,39444.06,39396.09,3.13,6291.58,9025.39,4665.38,1255.4,5243.59,1371.33,1020.86,6294.71,13690.77,15.978006954497262,191.13377748908584
2025-11-22 22:00:00,37953.3,37900.3,3.14,6667.36,6840.58,4694.88,1261.79,5809.16,1150.29,990.92,6670.5,11535.46,17.60012453727279,167.39980950018864
2025-11-22 23:00:00,35735.39,35687.45,2.66,6804.38,5443.77,4642.26,1275.76,5103.77,1009.54,973.77,6807.04,10086.03,19.074044236839562,155.44166086397323
2025-11-23,34148.46,34096.25,3.11,6997.39,5661.79,4587.17,1286.59,3147.27,1078.31,986.46,7000.5,10248.96,20.53158338526964,165.32398724199874
2025-11-23 01:00:00,32453.85,32398.62,3.25,7023.84,4414.64,4553.85,1299.59,2615.29,1079.29,990.71,7027.09,8968.490000000002,21.689473193611335,152.24937049787928
2025-11-23 02:00:00,31104.82,31052.92,3.21,7011.55,3697.49,4587.77,1311.31,2180.21,1022.68,1007.04,7014.76,8285.26,22.5896952685931,146.74603869781006
2025-11-23 03:00:00,30104.54,30053.22,3.17,6832.13,3604.78,4554.33,1321.62,1710.23,935.84,984.52,6835.3,8159.110000000001,22.74398550305092,149.31879179668604
2025-11-23 04:00:00,29670.67,29621.14,2.7,6820.89,3929.93,4544.86,1329.62,1317.82,861.19,983.71,6823.59,8474.789999999999,23.03621670199054,157.358376483822
2025-11-23 05:00:00,29722.18,29669.4,2.75,6782.89,3835.74,4570.55,1331.46,1243.27,885.66,987.55,6785.64,8406.29,22.870836619547415,155.83259182861804
2025-11-23 06:00:00,29971.95,29885.89,6.53,6730.36,3811.1,4578.77,1333.69,1256.17,1020.86,993.25,6736.889999999999,8389.87,22.54204241533379,154.40157545918828
2025-11-23 07:00:00,29792.26,29298.21,101.52,6612.21,3518.73,4558.21,1335.29,1240.53,1096.32,983.95,6713.7300000000005,8076.9400000000005,22.915154202253312,151.62417772280287
2025-11-23 08:00:00,29832.9,27608.13,897.16,6907.86,2720.85,4303.44,1333.53,2314.74,983.7,966.6,7805.0199999999995,7024.289999999999,28.270730397169235,139.93557332568338
2025-11-23 09:00:00,31242.19,26019.07,1948.7,6807.94,2530.55,4198.22,1324.65,1977.16,645.51,955.27,8756.64,6728.77,33.65470018720884,142.23504145228864
2025-11-23 10:00:00,33011.55,25252.85,1932.24,6727.98,2492.32,3990.34,1307.11,1995.87,423.64,938.52,8660.22,6482.66,34.2940301787719,141.19051908992452
2025-11-23 11:00:00,33961.45,24587.56,1639.11,6879.39,2416.73,4005.76,1286.26,1650.97,304.45,967.04,8518.5,6422.49,34.645568734758555,143.66490615579585
2025-11-23 12:00:00,33787.58,23877.59,1459.36,6288.55,2455.34,4033.24,1260.94,1644.66,274.88,962.57,7747.91,6488.58,32.448458994396,149.45892780636572
2025-11-23 13:00:00,33832.69,24600.2,1537.39,6718.35,2535.07,3827.06,1237.96,1830.72,323.97,967.82,8255.74,6362.13,33.55964585653775,142.24158746676858
2025-11-23 14:00:00,34238.9,26932.4,1898.18,7381.37,2776.07,4127.5,1231.49,1833.18,398.22,944.48,9279.55,6903.57,34.45496873654037,140.98125306322495
2025-11-23 15:00:00,34385.5,29774.1,1657.09,8043.62,3560.4,4278.29,1234.04,2264.92,720.38,978.26,9700.71,7838.6900000000005,32.58103519501849,144.7996580921002
2025-11-23 16:00:00,35138.73,33440.33,469.15,7445.6,4614.99,4467.48,1235.9,4264.35,946.66,958.01,7914.75,9082.47,23.66827719702527,149.38125610602526
2025-11-23 17:00:00,37771.83,37545.7,18.01,6909.97,6952.54,4519.06,1239.55,6352.05,1219.66,960.27,6927.9800000000005,11471.6,18.452126342031182,168.04534207645617
2025-11-23 18:00:00,39469.49,39398.37,2.89,6437.23,7106.04,4521.68,1245.6,7641.41,1563.94,970.58,6440.12,11627.720000000001,16.34615848320628,162.3226037016252
2025-11-23 19:00:00,38725.95,38657.21,2.83,5829.28,7358.04,4523.01,1258.73,7144.26,1439.55,989.74,5832.11,11881.05,15.086732850094458,169.0390356676025
2025-11-23 20:00:00,37928.45,37852.58,2.9,5530.47,7374.99,4520.08,1271.37,6551.91,1297.31,994.1,5533.37,11895.07,14.618210964747977,172.83599955405944
2025-11-23 21:00:00,36889.07,36813.53,3.11,5416.09,7400.6,4530.3,1278.96,5702.07,1177.5,1000.28,5419.2,11930.900000000001,14.720674708456375,178.24954575124966
2025-11-23 22:00:00,35775.17,35701.08,3.41,5240.53,6664.74,4528.33,1287.99,5639.68,1031.81,987.37,5243.94,11193.07,14.688463206155106,172.43703831928892
2025-11-23 23:00:00,34050.25,33984.74,2.9,4781.95,5811.08,4560.95,1298.0,5224.72,1027.95,959.71,4784.849999999999,10372.029999999999,14.079407404617484,167.85817693470656
2025-11-24,32478.21,32417.75,3.23,4350.08,5514.73,4553.04,1305.69,4324.9,1045.03,998.03,4353.3099999999995,10067.77,13.428785156280124,170.80992666054863
2025-11-24 01:00:00,30875.05,30826.93,3.24,4127.34,5533.65,4459.14,1308.53,3109.02,989.65,1000.39,4130.58,9992.79,13.399258375712405,178.28679339785054
2025-11-24 02:00:00,29629.3,29585.03,3.21,3737.18,5527.84,4392.23,1315.54,2220.36,915.04,988.31,3740.39,9920.07,12.64284673701531,184.41889360936935
2025-11-24 03:00:00,29173.22,29143.67,3.19,3334.37,5662.52,4411.86,1316.27,2048.58,787.86,985.72,3337.56,10074.380000000001,11.452092341149896,190.12392742574977
2025-11-24 04:00:00,28910.73,28878.77,2.9,3159.42,5603.33,4388.73,1319.9,2152.34,687.43,977.53,3162.32,9992.06,10.950327870612218,190.30010627183913
2025-11-24 05:00:00,29396.04,29350.75,2.68,3230.16,6653.05,4390.44,1321.05,1584.19,657.23,974.01,3232.8399999999997,11043.49,11.014505591850291,206.94256535182234
2025-11-24 06:00:00,31042.6,30940.26,5.15,3061.69,9008.03,4407.65,1323.1,884.76,702.23,980.18,3066.84,13415.68,9.912133899327285,238.47970249765194
2025-11-24 07:00:00,34262.94,33864.85,84.67,2940.24,10822.21,4432.89,1332.03,1736.82,1006.94,978.55,3024.91,15255.099999999999,8.932300010187555,247.75851657396973
2025-11-24 08:00:00,39896.17,38199.38,723.83,2743.83,10956.79,4225.16,1339.38,5573.06,1096.38,974.06,3467.66,15181.95,9.077791314937572,218.59183316587863
2025-11-24 09:00:00,42566.33,38564.04,1292.25,2604.7,10810.76,4210.65,1328.05,5814.24,994.64,975.94,3896.95,15021.41,10.105139399295302,214.23521757575193
2025-11-24 10:00:00,42966.04,36844.01,1638.27,2440.96,10715.46,4208.39,1300.34,3894.79,822.02,981.93,4079.23,14923.849999999999,11.071623311360517,222.78024297572384
2025-11-24 11:00:00,43428.98,36082.17,1677.77,2578.17,9791.73,4186.13,1279.27,4030.35,742.07,960.53,4255.9400000000005,13977.86,11.79513316410848,213.0643195794488
2025-11-24 12:00:00,41763.24,34138.19,1748.14,2648.1,7974.64,4159.16,1274.77,3786.32,642.31,952.16,4396.24,12133.8,12.877777058479081,195.48751705934026
2025-11-24 13:00:00,42386.2,35350.5,1650.43,2458.95,9404.35,4165.14,1272.04,3833.84,698.18,964.31,4109.38,13569.490000000002,11.624672918346276,211.12062064185798
2025-11-24 14:00:00,43423.25,37709.79,1344.72,2228.58,11393.68,4179.56,1270.37,4725.94,802.72,972.83,3573.3,15573.240000000002,9.475788647987699,227.1368257420686
2025-11-24 15:00:00,43398.18,39749.86,915.46,2102.02,12620.54,4206.83,1274.66,6055.09,749.66,979.35,3017.48,16827.370000000003,7.5911713902891735,232.83235462967673
2025-11-24 16:00:00,44450.65,43056.78,283.29,1965.83,13809.13,4226.77,1279.83,8859.68,1046.22,965.06,2249.12,18035.9,5.223614027802357,230.387525495404
2025-11-24 17:00:00,46137.18,45923.43,24.65,1900.17,14144.71,4204.83,1297.54,11451.05,1252.21,975.44,1924.8200000000002,18349.54,4.191368109916877,219.7624828981633
2025-11-24 18:00:00,45729.55,45691.4,3.0,1721.12,14028.43,4167.61,1318.05,11328.82,1484.17,994.22,1724.12,18196.04,3.7734015591555514,219.03075852348582
2025-11-24 19:00:00,44317.12,44294.75,2.76,1676.13,14224.96,4182.72,1330.79,9824.9,1400.14,1009.37,1678.89,18407.68,3.790268598423064,228.56487506984462
2025-11-24 20:00:00,43184.21,43168.28,2.8,1522.75,14329.92,4214.19,1344.45,8789.52,1287.64,1009.23,1525.55,18544.11,3.5339605840214157,236.2674746364692
2025-11-24 21:00:00,42022.47,42003.07,3.08,1568.87,14031.17,4239.65,1357.05,8043.4,1046.84,1005.15,1571.9499999999998,18270.82,3.742464538901561,239.24325055287628
2025-11-24 22:00:00,40001.46,39981.39,3.3,1609.94,12601.88,4232.33,1365.96,7542.61,882.88,1012.73,1613.24,16834.21,4.034977273176345,231.57812922462173
2025-11-24 23:00:00,37951.28,37933.67,2.73,1646.4,11935.36,4236.22,1375.14,6172.99,841.7,988.51,1649.13,16171.580000000002,4.347404298081362,234.47161848563564
2025-11-25,36071.89,36051.62,2.71,1723.12,12347.64,4232.04,1380.81,3818.06,752.81,1013.47,1725.83,16579.68,4.787108041192046,252.9379817051217
2025-11-25 01:00:00,34346.23,34324.7,2.71,1922.69,11689.48,4232.17,1388.94,2540.71,740.83,999.76,1925.4,15921.65,5.6093716769556625,255.11970971341339
2025-11-25 02:00:00,33003.83,32983.25,2.75,1999.83,11210.91,4215.46,1389.84,1674.19,679.89,1012.57,2002.58,15426.369999999999,6.0715059916775935,257.2367337966998
2025-11-25 03:00:00,32315.09,32296.11,2.78,2092.6,10565.85,4205.74,1381.11,1628.63,569.71,1006.72,2095.38,14771.59,6.488025957305695,251.5589183960545
2025-11-25 04:00:00,32008.31,31992.34,2.78,2204.54,10434.05,4193.9,1378.73,1443.91,561.62,998.95,2207.32,14627.949999999999,6.899526574173693,251.47808819236104
2025-11-25 05:00:00,32217.14,32188.9,2.81,2388.77,10657.76,4208.27,1379.14,1266.08,518.14,993.15,2391.58,14866.03,7.429828294846981,254.01043527427157
2025-11-25 06:00:00,33619.3,33537.98,4.97,2505.55,11733.04,4199.92,1381.66,1389.59,554.58,984.83,2510.52,15932.960000000001,7.48560288961947,261.28967814996605
2025-11-25 07:00:00,36625.8,36250.46,48.07,2587.6,12475.35,4174.33,1380.79,3088.79,862.68,994.28,2635.67,16649.68,7.270721530154376,252.61262891560548
2025-11-25 08:00:00,41905.66,40381.73,312.59,2518.89,12905.54,4220.98,1376.74,6310.74,1055.45,996.55,2831.48,17126.52,7.011784784851962,233.26355755436927
2025-11-25 09:00:00,44078.47,40293.6,695.58,2577.24,11786.95,4213.59,1351.42,7005.33,1030.76,976.9,3272.8199999999997,16000.54,8.122431353862648,218.4043371652074
2025-11-25 10:00:00,43752.2,37724.58,1176.21,2786.57,11200.48,4185.36,1335.16,4601.76,805.54,983.48,3962.78,15385.84,10.50450396001758,224.3156053692314
2025-11-25 11:00:00,43828.86,36336.0,1411.16,2751.58,11165.64,4159.2,1321.88,3080.91,728.28,977.6,4162.74,15324.84,11.456241743725231,231.96449801849406
2025-11-25 12:00:00,41673.14,33422.03,1675.26,2624.09,9608.1,4144.24,1303.78,1960.68,675.33,989.96,4299.35,13752.34,12.863820659606853,226.31141794798222
2025-11-25 13:00:00,41531.63,34130.26,1925.45,2521.42,10124.88,4172.28,1292.57,2024.98,616.97,989.93,4446.87,14297.16,13.029112582207109,230.39490469747372
2025-11-25 14:00:00,42926.58,36604.64,1579.12,2442.89,11934.66,4175.52,1273.87,2671.72,690.83,989.51,4022.0099999999998,16110.18,10.987705383798337,242.06218118795869
2025-11-25 15:00:00,43557.89,39530.34,1227.19,2368.31,13789.85,4174.35,1266.5,4245.06,915.29,995.15,3595.5,17964.2,9.095545345676259,249.94244926808122
2025-11-25 16:00:00,44833.87,43283.74,430.51,2427.12,14387.76,4162.17,1261.43,7902.17,1158.76,985.92,2857.63,18549.93,6.602086603421979,235.71118161230987
2025-11-25 17:00:00,46611.96,46356.86,28.19,2896.3,14349.8,4179.87,1278.65,10543.06,1497.47,990.64,2924.4900000000002,18529.67,6.308645581258092,219.84488379929095
2025-11-25 18:00:00,46065.5,45995.84,2.82,3675.35,14351.77,4178.08,1306.29,9385.38,1501.08,992.25,3678.17,18529.85,7.9967449230191265,221.5725922170353
2025-11-25 19:00:00,44704.9,44643.36,2.66,4206.86,14416.59,4189.75,1321.0,7446.34,1352.6,1013.29,4209.5199999999995,18606.34,9.42921858928181,229.22752678113835
2025-11-25 20:00:00,43581.53,43519.63,2.63,4907.64,14123.14,4213.08,1334.52,6005.23,1207.37,1012.48,4910.27,18336.22,11.282885447325725,231.7326916612113
2025-11-25 21:00:00,42420.75,42360.16,2.69,5635.3,13368.32,4196.06,1343.23,5087.49,1015.75,1013.07,5637.99,17564.38,13.309652277045222,228.0541197200388
2025-11-25 22:00:00,40578.4,40517.25,2.81,5943.94,10890.99,4175.72,1331.28,5538.24,906.24,1021.53,5946.75,15066.71,14.677081983599576,204.52253052712115
2025-11-25 23:00:00,38500.82,38439.57,2.97,6175.23,9177.98,4216.65,1354.99,4910.08,861.42,1009.55,6178.2,13394.63,16.07250029071605,191.65267717614947
2025-11-26,35995.87,35936.1,2.99,6242.99,7671.86,4214.3,1353.86,3851.69,826.87,1034.3,6245.98,11886.16,17.380795356201702,181.91701381062498
2025-11-26 01:00:00,34289.76,34227.45,2.93,6278.59,7172.89,4176.3,1360.12,2670.72,767.93,1024.92,6281.52,11349.19,18.3522874184317,182.36983765953934
2025-11-26 02:00:00,33122.38,33063.22,2.82,6508.15,6444.48,4193.52,1368.17,2110.58,649.31,1026.41,6510.969999999999,10638.0,19.692486091796262,176.96098565112533
2025-11-26 03:00:00,32375.66,32314.4,2.77,6659.68,5997.18,4274.34,1371.47,1725.71,545.97,1022.76,6662.450000000001,10271.52,20.617588443542196,174.82410318619563
2025-11-26 04:00:00,32029.79,31968.5,2.78,6783.27,5705.07,4346.77,1373.19,1519.92,497.67,1016.93,6786.05,10051.84,21.227301875283484,172.93623410544754
2025-11-26 05:00:00,32315.87,32243.21,2.77,7013.95,5976.2,4362.61,1377.07,1298.4,499.17,1006.67,7016.72,10338.81,21.76185311574127,176.35792155929883
2025-11-26 06:00:00,33751.47,33641.24,4.99,7349.08,7167.74,4375.85,1374.0,1103.48,566.29,1020.15,7354.07,11543.59,21.86028220125061,188.72593578595797
2025-11-26 07:00:00,36745.75,36429.54,32.29,7620.8,8017.3,4464.57,1372.59,2346.38,872.88,1008.99,7653.09,12481.869999999999,21.007923789320426,188.44675227850803
2025-11-26 08:00:00,41693.82,40170.91,486.79,7752.6,8155.98,4517.46,1372.22,5037.52,1132.6,1008.47,8239.390000000001,12673.439999999999,20.51083731984165,173.51839925956367
2025-11-26 09:00:00,43678.02,39551.24,1245.62,7753.56,7616.92,4531.79,1361.1,4310.22,1055.23,987.73,8999.18,12148.71,22.753218356744316,168.94010149871409
2025-11-26 10:00:00,44181.21,37175.13,1673.41,7544.06,7130.29,4519.75,1316.15,2532.48,805.57,989.65,9217.470000000001,11650.04,24.794721632446212,172.3604463521715
2025-11-26 11:00:00,44166.21,35379.41,1986.69,7394.43,6194.82,4478.49,1282.51,1925.19,683.88,985.05,9381.12,10673.31,26.51576156866381,165.92477093315006
2025-11-26 12:00:00,41765.15,32425.29,2214.54,7308.4,4279.19,4489.49,1254.25,1516.19,565.06,981.17,9522.939999999999,8768.68,29.368866091868412,148.73495348846532
2025-11-26 13:00:00,42304.01,33372.58,2222.83,7163.61,4821.56,4522.42,1236.46,1742.43,565.73,983.46,9386.439999999999,9343.98,28.126204207166477,153.99435704401637
2025-11-26 14:00:00,43324.82,36000.11,1983.39,6928.87,6219.74,4588.98,1206.09,2914.76,628.55,988.46,8912.26,10808.72,24.756202133826815,165.13271765002938
2025-11-26 15:00:00,43727.57,39156.15,1506.48,6680.65,9020.58,4678.39,1215.3,3604.03,788.14,992.51,8187.129999999999,13698.970000000001,20.908924907070787,192.42018175944264
2025-11-26 16:00:00,44918.26,43235.92,494.78,6559.49,11893.87,4727.39,1209.74,5586.32,1013.43,986.25,7054.2699999999995,16621.260000000002,16.315762449370798,211.43745755843756
2025-11-26 17:00:00,47044.09,46803.39,26.65,6763.39,12577.53,4682.64,1211.88,8482.29,1353.7,998.7,6790.04,17260.170000000002,14.50758160893901,202.82918609100753
2025-11-26 18:00:00,46161.81,46080.8,2.94,6947.16,12807.26,4715.12,1232.48,7493.86,1256.42,1007.61,6950.099999999999,17522.38,15.08242044408951,209.13935955972988
2025-11-26 19:00:00,44880.68,44812.74,2.88,7134.76,12401.23,4618.16,1265.54,6461.37,1249.91,1021.35,7137.64,17019.39,15.92770270240115,208.88400262960934
2025-11-26 20:00:00,43812.34,43754.72,2.92,7142.17,11857.81,4574.77,1298.87,5887.9,1214.91,1024.25,7145.09,16432.58,16.329872525752652,206.55872097913095
2025-11-26 21:00:00,42516.77,42456.97,2.96,7217.11,11312.62,4532.15,1295.92,5333.44,1055.65,1034.59,7220.07,15844.77,17.005617687743612,205.25778217333928
2025-11-26 22:00:00,40764.76,40711.88,2.92,7076.19,9027.55,4555.98,1300.58,6180.79,839.8,1031.13,7079.11,13583.529999999999,17.388315155183204,183.50765182054965
2025-11-26 23:00:00,38701.97,38645.06,2.91,6905.14,7893.68,4597.01,1308.71,5432.2,759.59,1021.53,6908.05,12490.69,17.87563533346824,177.76863330009064
